scenario_id,split,distance_regime,x0,y0,h0,xd,yd,hd,initial_distance_m
train_0000,train,short,66.99031,94.53206,60.957497,59.095478,64.6766,73.76867,33.433563232421875
train_0001,train,medium,160.35374,30.44148,77.84617,178.82124,111.27683,85.93082,83.31124877929688
train_0002,train,long,136.24318,175.9358,109.83817,174.49141,56.82022,93.83752,126.12482452392578
train_0003,train,very_long,36.335815,116.033195,63.10174,181.46785,57.282227,56.15135,156.726806640625
train_0004,train,short,174.08093,61.487103,73.69459,186.02048,118.69742,86.863785,59.908267974853516
train_0005,train,medium,62.44456,75.57786,53.565834,139.12225,138.90355,48.00666,99.6017837524414
train_0006,train,long,43.260315,111.44316,73.53115,114.76501,15.777604,60.94917,120.09632110595703
train_0007,train,very_long,159.44714,152.86586,101.64635,108.270454,12.953717,75.97479,151.1737060546875
train_0008,train,short,148.68211,30.044611,103.4668,175.3213,27.257662,75.113335,39.0042610168457
train_0009,train,medium,90.78489,132.84329,70.9904,57.303104,188.22165,93.1988,68.4178695678711
validation_0000,validation,short,39.041798,32.919235,62.632988,25.490973,81.7124,51.384296,51.87418746948242
validation_0001,validation,medium,54.912075,107.18874,51.732826,32.340427,171.16452,84.18247,75.20211791992188
validation_0002,validation,long,20.848555,24.125088,59.93635,90.517654,131.76291,75.69357,129.1819305419922
test_0000,test,short,72.776115,94.610214,113.70635,19.017735,116.34971,103.467255,58.88470458984375
test_0001,test,medium,65.74591,111.369255,100.85688,25.217882,68.35581,72.86082,65.39462280273438
test_0002,test,long,153.24704,30.783628,42.43141,72.20788,125.07463,63.678455,126.13316345214844
test_0003,test,very_long,78.1033,31.644737,100.9527,153.32077,169.19696,119.14336,157.826416015625
test_0004,test,short,83.67681,51.192142,45.162655,116.052895,17.169806,64.54492,50.8075065612793
test_0005,test,medium,161.91255,157.19884,77.52156,183.87152,100.08165,82.31202,61.38010787963867
test_0006,test,long,44.03677,149.2505,119.62888,164.14143,184.5739,45.16083,145.6652374267578
test_0007,test,very_long,44.34232,103.935295,74.03843,174.3488,17.8001,50.751537,157.68080139160156
test_0008,test,short,181.9266,97.90264,103.88185,178.804,39.014088,112.30748,59.570159912109375
test_0009,test,medium,129.30453,92.444756,98.84349,138.62074,12.437102,66.17949,86.91923522949219
