Trajectory_Method,Beamwidth_Std_deg,Power_Std_W
DDPG,4.545598280355853,0.04466892499762932
TD3,4.737706496783405,0.04555144898654497
TD3 Adaptive Exploration Decay,4.737706496783405,0.04555144898654497
TD3 Delayed Actor Update,4.610766956155725,0.041976339780967105
TD3 Dynamic Delay,4.576329612025396,0.04595021799433173
TD3 Gradient Clipping,4.470993621585024,0.044165615189923145
TD3 Soft Target Update,4.711431888103387,0.04530771529453322
TD3 Target Policy Smoothing,4.570525948471921,0.04158768128530224
TD3 Twin Critic,4.570525948471921,0.04158768128530224
TD3 Uncertainty-Aware Delay + Adaptive Actor LR,4.761598378909979,0.0415916801111961
