Trajectory_Method,BeamSweep_Mean_NSE,BeamSweep_Runtime_s,BeamSweep_Search_Evaluations
DDPG,16.434001873168892,0.040169028399998294,9.0
TD3,15.988982905689076,0.038718376499988,9.0
TD3 Adaptive Exploration Decay,15.988982905689076,0.03849773156668637,9.0
TD3 Delayed Actor Update,16.57924241868511,0.03256220730000526,9.0
TD3 Dynamic Delay,16.64752026663525,0.031851443733334386,9.0
TD3 Gradient Clipping,16.8497362583828,0.03485790766666999,9.0
TD3 Soft Target Update,16.18560393894256,0.03011048400000694,9.0
TD3 Target Policy Smoothing,16.16597279318515,0.045506399166663415,9.0
TD3 Twin Critic,16.165959109656217,0.04185342103333293,9.0
TD3 Uncertainty-Aware Delay + Adaptive Actor LR,16.586516693166867,0.035091380999991394,9.0
