Trajectory_Method,Communication_Optimizer,Mean_Runtime_s,P95_Runtime_s,Mean_NSE,Mean_Throughput_Mbps,Mean_Search_Evaluations,Beam_Width_Std_deg,Beam_Azimuth_Std_deg,Power_Std_W
DDPG,PSO / Metaheuristic,0.059321649033332355,0.10183121525000158,10.798045800952297,1079.8045800952293,12.0,10.372638346766108,,0.1741414638132098
DDPG,DDPG,0.030029699933334087,0.07551692349998687,6.9539751020189575,695.3975102018958,2.0,1.6569887491002164,,0.0286483892602871
DDPG,PPO,0.03246479980001216,0.1185144884499948,6.974940200297061,697.4940200297059,2.0,2.1788852303989494,,0.02719961572013512
DDPG,SAC,0.03731054199999259,0.09797586414999268,6.7974431078129935,679.7443107812995,2.0,1.094085741489194,,0.01682696938045396
DDPG,MADDPG,0.03703428739999784,0.08348046414998855,6.85055651638893,685.055651638893,8.0,1.1380532346426926,,0.013436506478574398
DDPG,AB-QMIX,0.01981057729999899,0.03516269120000286,6.844346825324866,684.4346825324866,8.0,0.0,,0.0
DDPG,ABPO,0.12183170536666618,0.23959808350006107,16.823087775593834,1682.3087775593835,219.33333333333334,4.545598280355855,,0.04466892499762933
TD3,PSO / Metaheuristic,0.056441674166671875,0.13355831050000685,10.717328772447845,1071.7328772447843,12.0,10.118357970166796,,0.17335775299525394
TD3,DDPG,0.02936134433332427,0.0854661180499306,6.956468446024494,695.6468446024495,2.0,1.6582960163713234,,0.028669483108603167
TD3,PPO,0.027806310333338993,0.08133169590002458,6.949217128717,694.9217128716998,2.0,2.0307397763855235,,0.027370246741145673
TD3,SAC,0.03092526686666209,0.06176373354999778,6.800131562725095,680.0131562725095,2.0,1.0939348319711615,,0.0167826034133217
TD3,MADDPG,0.03803642246666641,0.11815089370002159,6.850377083456229,685.037708345623,8.0,1.1384137725767236,,0.013436543896492296
TD3,AB-QMIX,0.022751207100005406,0.07153955814998196,6.844714429087203,684.4714429087202,8.0,0.0,,0.0
TD3,ABPO,0.12020315610000125,0.25886604775005245,16.405467749158177,1640.5467749158174,215.33333333333334,4.737706496783405,,0.04555144898654497
TD3 Twin Critic,PSO / Metaheuristic,0.06421274316665707,0.10826179220006786,10.626831697653758,1062.6831697653759,12.0,10.378221555884762,,0.1746031936353641
TD3 Twin Critic,DDPG,0.02732527260000097,0.04382527430002483,6.682139735704437,668.2139735704438,2.0,1.6643810499407181,,0.028665576879797382
TD3 Twin Critic,PPO,0.02826159546666531,0.08930174590000187,6.688416889193447,668.8416889193447,2.0,2.2784895146901927,,0.027795079724747974
TD3 Twin Critic,SAC,0.032305296466658244,0.07900163474997135,6.527280946695999,652.7280946695998,2.0,1.1072938936824102,,0.01704189033438946
TD3 Twin Critic,MADDPG,0.03562716833332615,0.09967817035002866,6.578465034276674,657.8465034276674,8.0,1.1454486852961157,,0.013581792054712502
TD3 Twin Critic,AB-QMIX,0.020962001333327863,0.06254658970000246,6.571355171268923,657.1355171268922,8.0,0.0,,0.0
TD3 Twin Critic,ABPO,0.13013843913334236,0.2545375790999912,16.547134554210277,1654.7134554210277,229.33333333333334,4.570525948471921,,0.04158768128530225
TD3 Target Policy Smoothing,PSO / Metaheuristic,0.061544065766668155,0.11015960320000318,10.626840069273026,1062.6840069273028,12.0,10.378221555884762,,0.1746031936353641
TD3 Target Policy Smoothing,DDPG,0.028327789466656365,0.05137084374990757,6.682142959063186,668.2142959063189,2.0,1.6643805663903495,,0.028665578819723425
TD3 Target Policy Smoothing,PPO,0.02639738386666674,0.05878987909999293,6.688419742667427,668.8419742667427,2.0,2.278489599991234,,0.027795077625556573
TD3 Target Policy Smoothing,SAC,0.03194575366666186,0.06071870565002652,6.52728427153992,652.7284271539921,2.0,1.1072936915231892,,0.017041893897155862
TD3 Target Policy Smoothing,MADDPG,0.03459567206666634,0.06808723370001518,6.578467220138882,657.8467220138883,8.0,1.145448842386554,,0.013581792190403742
TD3 Target Policy Smoothing,AB-QMIX,0.02183694423333691,0.05728293670002242,6.571358703998417,657.1358703998416,8.0,0.0,,0.0
TD3 Target Policy Smoothing,ABPO,0.13625287613335785,0.1959654687500176,16.547158422099265,1654.7158422099264,229.33333333333334,4.570525948471921,,0.04158768128530225
TD3 Delayed Actor Update,PSO / Metaheuristic,0.04871817906666441,0.08872066289997056,10.834796133812784,1083.4796133812786,12.0,10.40784336441913,,0.17985016625934305
TD3 Delayed Actor Update,DDPG,0.02560842479999792,0.04667056240001552,6.817952015627195,681.7952015627195,2.0,1.6586966880611624,,0.028737856075929085
TD3 Delayed Actor Update,PPO,0.024537224099992726,0.04079591604996149,6.8553806553328265,685.5380655332826,2.0,2.378939902407159,,0.02831867786179169
TD3 Delayed Actor Update,SAC,0.030370487700004865,0.04783460444996307,6.677570451464786,667.7570451464784,2.0,1.1118623347182899,,0.01689407588468277
TD3 Delayed Actor Update,MADDPG,0.03127414816666866,0.047209383749986907,6.725857350817053,672.5857350817054,8.0,1.1431183195383765,,0.0134984082524987
TD3 Delayed Actor Update,AB-QMIX,0.01706553913333361,0.027977440199970234,6.714407970674472,671.4407970674471,8.0,0.0,,0.0
TD3 Delayed Actor Update,ABPO,0.10069452066666523,0.1577232315500282,17.063002668545597,1706.30026685456,182.0,4.610766956155726,,0.041976339780967105
TD3 Soft Target Update,PSO / Metaheuristic,0.046156686866663674,0.08890254585002139,10.673533516623856,1067.3533516623854,12.0,9.884256884512382,,0.18005594991104226
TD3 Soft Target Update,DDPG,0.0248072000000055,0.03633288969996326,6.789277016732208,678.9277016732207,2.0,1.6578440820725093,,0.028818334607209128
TD3 Soft Target Update,PPO,0.020483031366673763,0.028478259299981795,6.790943902493412,679.0943902493411,2.0,2.0393810460850426,,0.029683799030619653
TD3 Soft Target Update,SAC,0.027853466366661906,0.04089651624997258,6.6507904689414215,665.0790468941419,2.0,1.109968544252009,,0.016872913077152284
TD3 Soft Target Update,MADDPG,0.028335527866674207,0.042616048600012835,6.703073921689673,670.3073921689669,8.0,1.1492582445923456,,0.013529528946184533
TD3 Soft Target Update,AB-QMIX,0.014973436566663167,0.021770219850009195,6.682800754553688,668.2800754553687,8.0,0.0,,0.0
TD3 Soft Target Update,ABPO,0.09509618393333691,0.14614832144998208,16.67894383768662,1667.8943837686616,171.33333333333334,4.711431888103387,,0.04530771529453323
TD3 Gradient Clipping,PSO / Metaheuristic,0.05284386793333245,0.1082078949000276,11.224539898875902,1122.4539898875898,12.0,10.004724296979239,,0.18128151596601333
TD3 Gradient Clipping,DDPG,0.028298674166656688,0.06272662419995069,7.155776200197761,715.5776200197762,2.0,1.6572557776097188,,0.028687515306159445
TD3 Gradient Clipping,PPO,0.026093329266681547,0.05141315854997964,7.18024305533921,718.0243055339209,2.0,2.3053164070163557,,0.03031142420319626
TD3 Gradient Clipping,SAC,0.03202028660001588,0.0702378180999857,7.017155646118824,701.7155646118823,2.0,1.105573215520822,,0.01678599042332726
TD3 Gradient Clipping,MADDPG,0.03469329596667497,0.09661913374996516,7.062260530920513,706.2260530920514,8.0,1.1389177161777166,,0.013451655330104315
TD3 Gradient Clipping,AB-QMIX,0.019076870666659338,0.043200065800010595,7.0460057842585355,704.6005784258535,8.0,0.0,,0.0
TD3 Gradient Clipping,ABPO,0.10807846713333902,0.1817666906999534,17.312492178806657,1731.2492178806654,186.0,4.470993621585025,,0.04416561518992315
TD3 Adaptive Exploration Decay,PSO / Metaheuristic,0.05999463196665147,0.09562333414999097,10.717328772447845,1071.7328772447843,12.0,10.118357970166796,,0.17335775299525394
TD3 Adaptive Exploration Decay,DDPG,0.028036048933332343,0.042655388400021324,6.956468446024494,695.6468446024495,2.0,1.6582960163713234,,0.028669483108603167
TD3 Adaptive Exploration Decay,PPO,0.02701210736665871,0.03230897950001575,6.949217128717,694.9217128716998,2.0,2.0307397763855235,,0.027370246741145673
TD3 Adaptive Exploration Decay,SAC,0.03165060263334377,0.04236875114997925,6.800131562725095,680.0131562725095,2.0,1.0939348319711615,,0.0167826034133217
TD3 Adaptive Exploration Decay,MADDPG,0.03336023940000056,0.04477078074997392,6.850377083456229,685.037708345623,8.0,1.1384137725767236,,0.013436543896492296
TD3 Adaptive Exploration Decay,AB-QMIX,0.019975238833327087,0.029937596199977143,6.844714429087203,684.4714429087202,8.0,0.0,,0.0
TD3 Adaptive Exploration Decay,ABPO,0.12986683956667094,0.22248363559999101,16.405467749158177,1640.5467749158174,215.33333333333334,4.737706496783405,,0.04555144898654497
TD3 Dynamic Delay,PSO / Metaheuristic,0.045991083533328946,0.07956826290002253,11.075655087343973,1107.5655087343976,12.0,9.89952256351238,,0.1800905143148811
TD3 Dynamic Delay,DDPG,0.026706719466657584,0.06606123870002986,6.964312000787389,696.4312000787393,2.0,1.6562626624978427,,0.028721956991678857
TD3 Dynamic Delay,PPO,0.025835046799996538,0.07313377254998837,6.987570004396788,698.7570004396788,2.0,2.318882786514271,,0.03198195902908012
TD3 Dynamic Delay,SAC,0.028167861900014184,0.040840817999998065,6.825396027791074,682.5396027791073,2.0,1.104130540312798,,0.01680126967248568
TD3 Dynamic Delay,MADDPG,0.028788512933313845,0.04148550265001629,6.87617001920343,687.6170019203431,8.0,1.1441250248262955,,0.013486356647150371
TD3 Dynamic Delay,AB-QMIX,0.015572582133340044,0.02066409704996771,6.854663536203342,685.4663536203342,8.0,0.0,,0.0
TD3 Dynamic Delay,ABPO,0.0906449796000023,0.1427727389499523,17.19319973697612,1719.319973697612,164.0,4.576329612025396,,0.04595021799433174
TD3 Uncertainty-Aware Delay + Adaptive Actor LR,PSO / Metaheuristic,0.05129332646667232,0.08198040545001954,10.912844402247647,1091.2844402247645,12.0,10.056927692934858,,0.18543301756279043
TD3 Uncertainty-Aware Delay + Adaptive Actor LR,DDPG,0.02601872823333906,0.05811171125001806,6.808091229508451,680.809122950845,2.0,1.6685182758237251,,0.02882968067626004
TD3 Uncertainty-Aware Delay + Adaptive Actor LR,PPO,0.021720386299997094,0.033056503999966916,6.869142870856932,686.914287085693,2.0,2.313123566052192,,0.02763199801412686
TD3 Uncertainty-Aware Delay + Adaptive Actor LR,SAC,0.02986059903333853,0.054379308999989384,6.664331214977975,666.4331214977975,2.0,1.1272680286875003,,0.01715538685715098
TD3 Uncertainty-Aware Delay + Adaptive Actor LR,MADDPG,0.03022364476665871,0.058494954250045264,6.716504582657027,671.6504582657025,8.0,1.1519497707212614,,0.01366197577493301
TD3 Uncertainty-Aware Delay + Adaptive Actor LR,AB-QMIX,0.016187689900012476,0.024919657300046073,6.693949290180153,669.3949290180153,8.0,0.0,,0.0
TD3 Uncertainty-Aware Delay + Adaptive Actor LR,ABPO,0.10538330643331999,0.17201112204995744,16.98490342322261,1698.4903423222606,202.66666666666666,4.76159837890998,,0.04159168011119609
