Trajectory_Method,Communication_Optimizer,N,Mean_NSE,Std_NSE,Mean_Throughput_Mbps,Runtime_s,P95_Runtime_s,Mean_Search_Evaluations,Beam_Width_Std_deg,Power_Std_W
DDPG,AB-QMIX,30,6.844346825324867,3.127862635665525,684.4346825324867,0.01981057729999899,0.03516269120000286,8.0,0.0,0.0
DDPG,ABPO,30,16.823087775593834,2.495878898483571,1682.3087775593835,0.12183170536666618,0.23959808350006107,219.33333333333334,4.545598280355853,0.04466892499762932
DDPG,DDPG,30,6.9539751020189575,3.1672454267856045,695.3975102018958,0.030029699933334087,0.07551692349998687,2.0,1.6569887491002164,0.028648389260287108
DDPG,MADDPG,30,6.85055651638893,3.21659932220857,685.055651638893,0.03703428739999784,0.08348046414998855,8.0,1.1380532346426926,0.013436506478574396
DDPG,PPO,30,6.974940200297059,3.1830737350140152,697.4940200297059,0.03246479980001216,0.1185144884499948,2.0,2.17888523039895,0.027199615720135118
DDPG,PSO / Metaheuristic,30,10.798045800952293,3.5803641167094633,1079.8045800952293,0.059321649033332355,0.10183121525000158,12.0,10.372638346766108,0.1741414638132098
DDPG,SAC,30,6.7974431078129935,3.1844029309289295,679.7443107812993,0.03731054199999259,0.09797586414999268,2.0,1.094085741489194,0.016826969380453964
TD3,AB-QMIX,30,6.844714429087203,3.078392326488992,684.4714429087202,0.022751207100005406,0.07153955814998196,8.0,0.0,0.0
TD3,ABPO,30,16.405467749158177,2.551516437245471,1640.5467749158174,0.12020315610000125,0.25886604775005245,215.33333333333334,4.737706496783405,0.04555144898654497
TD3,DDPG,30,6.956468446024494,3.114578190740343,695.6468446024495,0.02936134433332427,0.0854661180499306,2.0,1.6582960163713234,0.028669483108603164
TD3,MADDPG,30,6.8503770834562285,3.162839762838233,685.0377083456228,0.03803642246666641,0.11815089370002159,8.0,1.1384137725767238,0.013436543896492296
TD3,PPO,30,6.949217128717001,3.1203640445607737,694.9217128717002,0.027806310333338993,0.08133169590002458,2.0,2.030739776385523,0.027370246741145677
TD3,PSO / Metaheuristic,30,10.717328772447845,3.5416445165036223,1071.7328772447843,0.056441674166671875,0.13355831050000685,12.0,10.118357970166796,0.17335775299525394
TD3,SAC,30,6.8001315627250944,3.1356520042539393,680.0131562725095,0.03092526686666209,0.06176373354999778,2.0,1.0939348319711617,0.0167826034133217
TD3 Adaptive Exploration Decay,AB-QMIX,30,6.844714429087203,3.078392326488992,684.4714429087202,0.019975238833327087,0.029937596199977143,8.0,0.0,0.0
TD3 Adaptive Exploration Decay,ABPO,30,16.405467749158177,2.551516437245471,1640.5467749158174,0.12986683956667094,0.22248363559999101,215.33333333333334,4.737706496783405,0.04555144898654497
TD3 Adaptive Exploration Decay,DDPG,30,6.956468446024494,3.114578190740343,695.6468446024495,0.028036048933332343,0.042655388400021324,2.0,1.6582960163713234,0.028669483108603164
TD3 Adaptive Exploration Decay,MADDPG,30,6.8503770834562285,3.162839762838233,685.0377083456228,0.03336023940000056,0.04477078074997392,8.0,1.1384137725767238,0.013436543896492296
TD3 Adaptive Exploration Decay,PPO,30,6.949217128717001,3.1203640445607737,694.9217128717002,0.02701210736665871,0.03230897950001575,2.0,2.030739776385523,0.027370246741145677
TD3 Adaptive Exploration Decay,PSO / Metaheuristic,30,10.717328772447845,3.5416445165036223,1071.7328772447843,0.05999463196665147,0.09562333414999097,12.0,10.118357970166796,0.17335775299525394
TD3 Adaptive Exploration Decay,SAC,30,6.8001315627250944,3.1356520042539393,680.0131562725095,0.03165060263334377,0.04236875114997925,2.0,1.0939348319711617,0.0167826034133217
TD3 Delayed Actor Update,AB-QMIX,30,6.714407970674471,3.1792488646259267,671.4407970674472,0.01706553913333361,0.027977440199970234,8.0,0.0,0.0
TD3 Delayed Actor Update,ABPO,30,17.063002668545597,1.769886342003466,1706.3002668545598,0.10069452066666523,0.1577232315500282,182.0,4.610766956155725,0.041976339780967105
TD3 Delayed Actor Update,DDPG,30,6.817952015627195,3.2318682306535598,681.7952015627195,0.02560842479999792,0.04667056240001552,2.0,1.6586966880611624,0.028737856075929085
TD3 Delayed Actor Update,MADDPG,30,6.725857350817052,3.302285374762225,672.5857350817053,0.03127414816666866,0.047209383749986907,8.0,1.1431183195383765,0.013498408252498702
TD3 Delayed Actor Update,PPO,30,6.855380655332825,3.265697101386948,685.5380655332825,0.024537224099992726,0.04079591604996149,2.0,2.378939902407159,0.028318677861791694
TD3 Delayed Actor Update,PSO / Metaheuristic,30,10.834796133812784,3.5367460525833745,1083.4796133812786,0.04871817906666441,0.08872066289997056,12.0,10.40784336441913,0.17985016625934305
TD3 Delayed Actor Update,SAC,30,6.677570451464785,3.2503013971857198,667.7570451464784,0.030370487700004865,0.04783460444996307,2.0,1.1118623347182899,0.01689407588468277
TD3 Dynamic Delay,AB-QMIX,30,6.854663536203342,3.1910257591074505,685.4663536203341,0.015572582133340044,0.02066409704996771,8.0,0.0,0.0
TD3 Dynamic Delay,ABPO,30,17.19319973697612,1.3451606405802472,1719.3199736976119,0.0906449796000023,0.1427727389499523,164.0,4.576329612025396,0.04595021799433173
TD3 Dynamic Delay,DDPG,30,6.96431200078739,3.238038871238285,696.431200078739,0.026706719466657584,0.06606123870002986,2.0,1.656262662497843,0.028721956991678853
TD3 Dynamic Delay,MADDPG,30,6.876170019203431,3.355289999597769,687.6170019203431,0.028788512933313845,0.04148550265001629,8.0,1.1441250248262957,0.013486356647150373
TD3 Dynamic Delay,PPO,30,6.987570004396788,3.273362761609597,698.7570004396788,0.025835046799996538,0.07313377254998837,2.0,2.318882786514271,0.031981959029080125
TD3 Dynamic Delay,PSO / Metaheuristic,30,11.075655087343973,3.4345936813093574,1107.5655087343976,0.045991083533328946,0.07956826290002253,12.0,9.89952256351238,0.1800905143148811
TD3 Dynamic Delay,SAC,30,6.825396027791074,3.2980329131601565,682.5396027791073,0.028167861900014184,0.040840817999998065,2.0,1.104130540312798,0.01680126967248568
TD3 Gradient Clipping,AB-QMIX,30,7.046005784258535,3.2793591243494644,704.6005784258535,0.019076870666659338,0.043200065800010595,8.0,0.0,0.0
TD3 Gradient Clipping,ABPO,30,17.312492178806657,1.8316623707953137,1731.2492178806654,0.10807846713333902,0.1817666906999534,186.0,4.470993621585024,0.044165615189923145
TD3 Gradient Clipping,DDPG,30,7.155776200197762,3.321462607913568,715.5776200197762,0.028298674166656688,0.06272662419995069,2.0,1.6572557776097188,0.028687515306159442
TD3 Gradient Clipping,MADDPG,30,7.062260530920514,3.4285996477155525,706.2260530920514,0.03469329596667497,0.09661913374996516,8.0,1.1389177161777164,0.013451655330104317
TD3 Gradient Clipping,PPO,30,7.18024305533921,3.3756972748292258,718.024305533921,0.026093329266681547,0.05141315854997964,2.0,2.305316407016355,0.030311424203196262
TD3 Gradient Clipping,PSO / Metaheuristic,30,11.2245398988759,3.5021194119402614,1122.4539898875903,0.05284386793333245,0.1082078949000276,12.0,10.004724296979239,0.18128151596601333
TD3 Gradient Clipping,SAC,30,7.017155646118824,3.3813979474376468,701.7155646118824,0.03202028660001588,0.0702378180999857,2.0,1.105573215520822,0.016785990423327266
TD3 Soft Target Update,AB-QMIX,30,6.682800754553687,3.0712655536651887,668.2800754553688,0.014973436566663167,0.021770219850009195,8.0,0.0,0.0
TD3 Soft Target Update,ABPO,30,16.678943837686617,1.7722084731536705,1667.8943837686618,0.09509618393333691,0.14614832144998208,171.33333333333334,4.711431888103387,0.04530771529453322
TD3 Soft Target Update,DDPG,30,6.789277016732206,3.123029584713476,678.9277016732207,0.0248072000000055,0.03633288969996326,2.0,1.6578440820725098,0.028818334607209128
TD3 Soft Target Update,MADDPG,30,6.70307392168967,3.193982066824227,670.307392168967,0.028335527866674207,0.042616048600012835,8.0,1.1492582445923456,0.013529528946184533
TD3 Soft Target Update,PPO,30,6.790943902493413,3.117322164758841,679.0943902493414,0.020483031366673763,0.028478259299981795,2.0,2.0393810460850426,0.029683799030619653
TD3 Soft Target Update,PSO / Metaheuristic,30,10.673533516623854,3.2690121970602157,1067.3533516623854,0.046156686866663674,0.08890254585002139,12.0,9.884256884512382,0.18005594991104223
TD3 Soft Target Update,SAC,30,6.6507904689414215,3.1481553411416816,665.079046894142,0.027853466366661906,0.04089651624997258,2.0,1.109968544252009,0.016872913077152284
TD3 Target Policy Smoothing,AB-QMIX,30,6.571358703998417,2.9411452957674524,657.1358703998417,0.02183694423333691,0.05728293670002242,8.0,0.0,0.0
TD3 Target Policy Smoothing,ABPO,30,16.547158422099265,2.6393475063536234,1654.7158422099264,0.13625287613335785,0.1959654687500176,229.33333333333334,4.570525948471921,0.04158768128530224
TD3 Target Policy Smoothing,DDPG,30,6.682142959063188,2.986924663857614,668.2142959063187,0.028327789466656365,0.05137084374990757,2.0,1.6643805663903495,0.02866557881972343
TD3 Target Policy Smoothing,MADDPG,30,6.578467220138884,3.032631805230823,657.8467220138883,0.03459567206666634,0.06808723370001518,8.0,1.145448842386554,0.013581792190403742
TD3 Target Policy Smoothing,PPO,30,6.688419742667427,2.957698468281161,668.8419742667427,0.02639738386666674,0.05878987909999293,2.0,2.278489599991234,0.027795077625556573
TD3 Target Policy Smoothing,PSO / Metaheuristic,30,10.626840069273026,3.6132471156686754,1062.6840069273028,0.061544065766668155,0.11015960320000318,12.0,10.378221555884766,0.17460319363536408
TD3 Target Policy Smoothing,SAC,30,6.52728427153992,2.997234536084838,652.728427153992,0.03194575366666186,0.06071870565002652,2.0,1.1072936915231892,0.017041893897155862
TD3 Twin Critic,AB-QMIX,30,6.571355171268922,2.941139561118871,657.1355171268923,0.020962001333327863,0.06254658970000246,8.0,0.0,0.0
TD3 Twin Critic,ABPO,30,16.547134554210277,2.639339337103852,1654.713455421028,0.13013843913334236,0.2545375790999912,229.33333333333334,4.570525948471921,0.04158768128530224
TD3 Twin Critic,DDPG,30,6.682139735704439,2.9869209607012346,668.2139735704438,0.02732527260000097,0.04382527430002483,2.0,1.6643810499407181,0.028665576879797382
TD3 Twin Critic,MADDPG,30,6.578465034276674,3.0326292476253314,657.8465034276674,0.03562716833332615,0.09967817035002866,8.0,1.1454486852961157,0.0135817920547125
TD3 Twin Critic,PPO,30,6.688416889193448,2.9576952680676465,668.8416889193447,0.02826159546666531,0.08930174590000187,2.0,2.2784895146901927,0.027795079724747974
TD3 Twin Critic,PSO / Metaheuristic,30,10.626831697653758,3.6132483864365703,1062.6831697653759,0.06421274316665707,0.10826179220006786,12.0,10.378221555884766,0.17460319363536408
TD3 Twin Critic,SAC,30,6.527280946695998,2.997230718162002,652.7280946695998,0.032305296466658244,0.07900163474997135,2.0,1.1072938936824102,0.01704189033438946
TD3 Uncertainty-Aware Delay + Adaptive Actor LR,AB-QMIX,30,6.693949290180153,3.0746542340701972,669.3949290180152,0.016187689900012476,0.024919657300046073,8.0,0.0,0.0
TD3 Uncertainty-Aware Delay + Adaptive Actor LR,ABPO,30,16.984903423222608,1.5542094434641154,1698.4903423222609,0.10538330643331999,0.17201112204995744,202.66666666666666,4.761598378909979,0.0415916801111961
TD3 Uncertainty-Aware Delay + Adaptive Actor LR,DDPG,30,6.808091229508451,3.132820061088058,680.809122950845,0.02601872823333906,0.05811171125001806,2.0,1.6685182758237251,0.02882968067626004
TD3 Uncertainty-Aware Delay + Adaptive Actor LR,MADDPG,30,6.716504582657025,3.2384726098502483,671.6504582657025,0.03022364476665871,0.058494954250045264,8.0,1.1519497707212614,0.013661975774933015
TD3 Uncertainty-Aware Delay + Adaptive Actor LR,PPO,30,6.8691428708569315,3.139568690725431,686.9142870856932,0.021720386299997094,0.033056503999966916,2.0,2.313123566052192,0.027631998014126864
TD3 Uncertainty-Aware Delay + Adaptive Actor LR,PSO / Metaheuristic,30,10.912844402247647,3.3595529760583753,1091.2844402247645,0.05129332646667232,0.08198040545001954,12.0,10.056927692934858,0.18543301756279043
TD3 Uncertainty-Aware Delay + Adaptive Actor LR,SAC,30,6.664331214977975,3.180163183353352,666.4331214977974,0.02986059903333853,0.054379308999989384,2.0,1.1272680286875005,0.01715538685715098
