Trajectory_Method,Seed,Scenario_ID,Distance_Regime,Communication_Optimizer,Mean_NSE,Throughput_Mbps,Runtime_s,Search_Evaluations,Decisions_per_s,Beam_Mean_deg,Beam_Std_deg,Beam_Min_deg,Beam_Max_deg,Beam_Azimuth_Std_deg,Beam_Elevation_Std_deg,Power_Mean_W,Power_Std_W,Power_Min_W,Power_Max_W,Total_Power_W,Power_Budget_Error_W,Power_Constraint_OK,Beam_Constraint_OK
DDPG,2026,test_0000,short,Beam Sweep,16.8725444742834,1687.2544474283402,0.013478180999982214,9,74.19398804640771,11.875,0.0,11.875,11.875,,,0.25,0.0,0.25,0.25,4.0,3.0,False,True
DDPG,2026,test_0001,medium,Beam Sweep,17.47228228652661,1747.228228652661,0.02139264100003402,9,46.74504657926106,18.75,0.0,18.75,18.75,,,0.25,0.0,0.25,0.25,6.0,5.0,False,True
DDPG,2026,test_0002,long,Beam Sweep,15.273517907509529,1527.351790750953,0.03236178099996323,9,30.90064789700963,11.875,0.0,11.875,11.875,,,0.25,0.0,0.25,0.25,9.0,8.0,False,True
DDPG,2026,test_0003,very_long,Beam Sweep,15.57587762256078,1557.587762256078,0.04633199299996704,9,21.58335817759256,11.875,0.0,11.875,11.875,,,0.25,0.0,0.25,0.25,13.0,12.0,False,True
DDPG,2026,test_0004,short,Beam Sweep,19.012557773606012,1901.255777360601,0.026114166999946065,9,38.29339071018675,11.875,0.0,11.875,11.875,,,0.25,0.0,0.25,0.25,7.0,6.0,False,True
DDPG,2026,test_0005,medium,Beam Sweep,18.555870542529878,1855.5870542529879,0.026035658999944644,9,38.40886070915763,5.0,0.0,5.0,5.0,,,0.25,0.0,0.25,0.25,8.0,7.0,False,True
DDPG,2026,test_0006,long,Beam Sweep,17.24572201677036,1724.5722016770362,0.040074579000020094,9,24.95347486992935,5.0,0.0,5.0,5.0,,,0.25,0.0,0.25,0.25,12.0,11.0,False,True
DDPG,2026,test_0007,very_long,Beam Sweep,17.148907938630924,1714.8907938630923,0.09627121400001215,9,10.387320970107158,11.875,0.0,11.875,11.875,,,0.25,0.0,0.25,0.25,17.0,16.0,False,True
DDPG,2026,test_0008,short,Beam Sweep,18.003360418998323,1800.3360418998323,0.03784581900004014,9,26.422998006700276,5.0,0.0,5.0,5.0,,,0.25,0.0,0.25,0.25,7.0,6.0,False,True
DDPG,2026,test_0009,medium,Beam Sweep,18.903815585906365,1890.3815585906366,0.06023027200001252,9,16.602946770683555,11.875,0.0,11.875,11.875,,,0.25,0.0,0.25,0.25,9.0,8.0,False,True
DDPG,2027,test_0000,short,Beam Sweep,15.214221506095754,1521.4221506095755,0.03922274900003231,9,25.495408289693724,11.875,0.0,11.875,11.875,,,0.25,0.0,0.25,0.25,6.0,5.0,False,True
DDPG,2027,test_0001,medium,Beam Sweep,16.007735628215027,1600.7735628215028,0.03382187900001554,9,29.56666009004232,18.75,0.0,18.75,18.75,,,0.25,0.0,0.25,0.25,6.0,5.0,False,True
DDPG,2027,test_0002,long,Beam Sweep,16.653145478970853,1665.3145478970853,0.035297356000000946,9,28.330733894062014,11.875,0.0,11.875,11.875,,,0.25,0.0,0.25,0.25,11.0,10.0,False,True
DDPG,2027,test_0003,very_long,Beam Sweep,17.967313838904136,1796.7313838904136,0.05091048700001011,9,19.642318487344298,11.875,0.0,11.875,11.875,,,0.25,0.0,0.25,0.25,16.0,15.0,False,True
DDPG,2027,test_0004,short,Beam Sweep,15.42343342842581,1542.343342842581,0.01623843200002284,9,61.58230055701151,18.75,0.0,18.75,18.75,,,0.25,0.0,0.25,0.25,5.0,4.0,False,True
DDPG,2027,test_0005,medium,Beam Sweep,13.567029044847624,1356.7029044847625,0.01958544100000381,9,51.058334606803356,11.875,0.0,11.875,11.875,,,0.25,0.0,0.25,0.25,6.0,5.0,False,True
DDPG,2027,test_0006,long,Beam Sweep,18.8864733622028,1888.6473362202798,0.05945974799999476,9,16.818100204529763,5.0,0.0,5.0,5.0,,,0.25,0.0,0.25,0.25,18.0,17.0,False,True
DDPG,2027,test_0007,very_long,Beam Sweep,16.356732604407384,1635.6732604407384,0.048054938000063885,9,20.809515975208846,11.875,0.0,11.875,11.875,,,0.25,0.0,0.25,0.25,15.0,14.0,False,True
DDPG,2027,test_0008,short,Beam Sweep,6.321625023887178,632.1625023887178,0.19145837099995333,9,5.223067525212798,11.875,0.0,11.875,11.875,,,0.25,0.0,0.25,0.25,60.0,59.0,False,True
DDPG,2027,test_0009,medium,Beam Sweep,16.725931870859682,1672.5931870859683,0.025784111000007215,9,38.78357489229395,11.875,0.0,11.875,11.875,,,0.25,0.0,0.25,0.25,8.0,7.0,False,True
DDPG,2028,test_0000,short,Beam Sweep,17.559694189212355,1755.9694189212355,0.019559887000013987,9,51.12503973050994,11.875,0.0,11.875,11.875,,,0.25,0.0,0.25,0.25,6.0,5.0,False,True
DDPG,2028,test_0001,medium,Beam Sweep,19.167871328719286,1916.7871328719286,0.02617872400003307,9,38.198958818571015,11.875,0.0,11.875,11.875,,,0.25,0.0,0.25,0.25,7.0,6.0,False,True
DDPG,2028,test_0002,long,Beam Sweep,17.725033747572834,1772.5033747572834,0.034819915999946716,9,28.719196220965333,11.875,0.0,11.875,11.875,,,0.25,0.0,0.25,0.25,11.0,10.0,False,True
DDPG,2028,test_0003,very_long,Beam Sweep,15.489388376711263,1548.9388376711263,0.03510850999998638,9,28.48312275287068,11.875,0.0,11.875,11.875,,,0.25,0.0,0.25,0.25,11.0,10.0,False,True
DDPG,2028,test_0004,short,Beam Sweep,15.526394922952823,1552.6394922952823,0.01958692199991674,9,51.05447400077719,18.75,0.0,18.75,18.75,,,0.25,0.0,0.25,0.25,6.0,5.0,False,True
DDPG,2028,test_0005,medium,Beam Sweep,16.12317976630715,1612.3179766307148,0.027298128999973414,9,36.632547234316824,5.0,0.0,5.0,5.0,,,0.25,0.0,0.25,0.25,7.0,6.0,False,True
DDPG,2028,test_0006,long,Beam Sweep,15.089880985578807,1508.9880985578807,0.03244598499998119,9,30.82045436440224,5.0,0.0,5.0,5.0,,,0.25,0.0,0.25,0.25,10.0,9.0,False,True
DDPG,2028,test_0007,very_long,Beam Sweep,14.364492972392922,1436.449297239292,0.039032498000096894,9,25.61967722377178,5.0,0.0,5.0,5.0,,,0.25,0.0,0.25,0.25,12.0,11.0,False,True
DDPG,2028,test_0008,short,Beam Sweep,17.183072792689003,1718.3072792689004,0.0224885479999557,9,44.46707719866885,5.0,0.0,5.0,5.0,,,0.25,0.0,0.25,0.25,7.0,6.0,False,True
DDPG,2028,test_0009,medium,Beam Sweep,17.602948758791914,1760.2948758791913,0.028581915000017943,9,34.987158838005506,11.875,0.0,11.875,11.875,,,0.25,0.0,0.25,0.25,9.0,8.0,False,True
TD3,2026,test_0000,short,Beam Sweep,16.872004833395803,1687.2004833395804,0.013259538999932374,9,75.41740327511387,11.875,0.0,11.875,11.875,,,0.25,0.0,0.25,0.25,4.0,3.0,False,True
TD3,2026,test_0001,medium,Beam Sweep,17.470787974768026,1747.0787974768025,0.02153143300006377,9,46.443727177705185,18.75,0.0,18.75,18.75,,,0.25,0.0,0.25,0.25,6.0,5.0,False,True
TD3,2026,test_0002,long,Beam Sweep,15.273682020241145,1527.3682020241145,0.028838136999979724,9,34.676303812576485,11.875,0.0,11.875,11.875,,,0.25,0.0,0.25,0.25,9.0,8.0,False,True
TD3,2026,test_0003,very_long,Beam Sweep,15.575610277846788,1557.561027784679,0.041188554999962435,9,24.278589040108642,11.875,0.0,11.875,11.875,,,0.25,0.0,0.25,0.25,13.0,12.0,False,True
TD3,2026,test_0004,short,Beam Sweep,19.012033465875238,1901.2033465875238,0.02244159999997919,9,44.560102666517864,11.875,0.0,11.875,11.875,,,0.25,0.0,0.25,0.25,7.0,6.0,False,True
TD3,2026,test_0005,medium,Beam Sweep,18.55595269671344,1855.595269671344,0.026523749000034513,9,37.7020608963951,5.0,0.0,5.0,5.0,,,0.25,0.0,0.25,0.25,8.0,7.0,False,True
TD3,2026,test_0006,long,Beam Sweep,17.24591421881955,1724.5914218819548,0.038982637000003706,9,25.652446241640988,5.0,0.0,5.0,5.0,,,0.25,0.0,0.25,0.25,12.0,11.0,False,True
TD3,2026,test_0007,very_long,Beam Sweep,17.148877074169267,1714.8877074169266,0.05405538200000137,9,18.4995455216647,11.875,0.0,11.875,11.875,,,0.25,0.0,0.25,0.25,17.0,16.0,False,True
TD3,2026,test_0008,short,Beam Sweep,18.00293436643569,1800.2934366435688,0.022606116000019938,9,44.235816537397135,5.0,0.0,5.0,5.0,,,0.25,0.0,0.25,0.25,7.0,6.0,False,True
TD3,2026,test_0009,medium,Beam Sweep,18.90372934938922,1890.3729349389218,0.02940255700002581,9,34.01064744127942,11.875,0.0,11.875,11.875,,,0.25,0.0,0.25,0.25,9.0,8.0,False,True
TD3,2027,test_0000,short,Beam Sweep,15.214134319260566,1521.4134319260565,0.02023207399997773,9,49.42647006931177,11.875,0.0,11.875,11.875,,,0.25,0.0,0.25,0.25,6.0,5.0,False,True
TD3,2027,test_0001,medium,Beam Sweep,16.007620145935732,1600.762014593573,0.019795389000023533,9,50.51681479958849,18.75,0.0,18.75,18.75,,,0.25,0.0,0.25,0.25,6.0,5.0,False,True
TD3,2027,test_0002,long,Beam Sweep,16.652964718686164,1665.2964718686164,0.06851526299999477,9,14.595288060122842,11.875,0.0,11.875,11.875,,,0.25,0.0,0.25,0.25,11.0,10.0,False,True
TD3,2027,test_0003,very_long,Beam Sweep,17.96701151505269,1796.701151505269,0.08868619999998373,9,11.27571144101544,11.875,0.0,11.875,11.875,,,0.25,0.0,0.25,0.25,16.0,15.0,False,True
TD3,2027,test_0004,short,Beam Sweep,15.422826682899421,1542.282668289942,0.03017351599999074,9,33.14164646905276,18.75,0.0,18.75,18.75,,,0.25,0.0,0.25,0.25,5.0,4.0,False,True
TD3,2027,test_0005,medium,Beam Sweep,13.56695279140188,1356.695279140188,0.03234078899993165,9,30.92070511953538,11.875,0.0,11.875,11.875,,,0.25,0.0,0.25,0.25,6.0,5.0,False,True
TD3,2027,test_0006,long,Beam Sweep,18.886436291218377,1888.6436291218376,0.0583557899999505,9,17.136260172312777,5.0,0.0,5.0,5.0,,,0.25,0.0,0.25,0.25,18.0,17.0,False,True
TD3,2027,test_0007,very_long,Beam Sweep,16.3560978097558,1635.6097809755797,0.047635629999945195,9,20.992689715684467,11.875,0.0,11.875,11.875,,,0.25,0.0,0.25,0.25,15.0,14.0,False,True
TD3,2027,test_0008,short,Beam Sweep,6.3211766939217595,632.1176693921759,0.208398815999999,9,4.7984917534272595,11.875,0.0,11.875,11.875,,,0.25,0.0,0.25,0.25,60.0,59.0,False,True
TD3,2027,test_0009,medium,Beam Sweep,16.725863961252784,1672.5863961252785,0.02571787800002312,9,38.8834568699292,11.875,0.0,11.875,11.875,,,0.25,0.0,0.25,0.25,8.0,7.0,False,True
TD3,2028,test_0000,short,Beam Sweep,17.464788871786087,1746.4788871786086,0.02032483699997556,9,49.20088658035498,11.875,0.0,11.875,11.875,,,0.25,0.0,0.25,0.25,6.0,5.0,False,True
TD3,2028,test_0001,medium,Beam Sweep,17.48789199283011,1748.7891992830112,0.019637460000012652,9,50.92308272044122,18.75,0.0,18.75,18.75,,,0.25,0.0,0.25,0.25,6.0,5.0,False,True
TD3,2028,test_0002,long,Beam Sweep,16.654580487448204,1665.4580487448204,0.03817334999996547,9,26.196286152535855,11.875,0.0,11.875,11.875,,,0.25,0.0,0.25,0.25,12.0,11.0,False,True
TD3,2028,test_0003,very_long,Beam Sweep,15.489362578559412,1548.9362578559412,0.03560266199997386,9,28.08778736827977,11.875,0.0,11.875,11.875,,,0.25,0.0,0.25,0.25,11.0,10.0,False,True
TD3,2028,test_0004,short,Beam Sweep,14.484379921372526,1448.4379921372526,0.016534371999910036,9,60.48007145390469,18.75,0.0,18.75,18.75,,,0.25,0.0,0.25,0.25,5.0,4.0,False,True
TD3,2028,test_0005,medium,Beam Sweep,12.487563558018707,1248.7563558018705,0.019713539000008495,9,50.72655904145719,5.0,0.0,5.0,5.0,,,0.25,0.0,0.25,0.25,6.0,5.0,False,True
TD3,2028,test_0006,long,Beam Sweep,15.091482332133177,1509.1482332133176,0.03429814200001147,9,29.156098309922026,5.0,0.0,5.0,5.0,,,0.25,0.0,0.25,0.25,10.0,9.0,False,True
TD3,2028,test_0007,very_long,Beam Sweep,13.64909302090153,1364.909302090153,0.03510806400004185,9,28.483484591995957,11.875,0.0,11.875,11.875,,,0.25,0.0,0.25,0.25,11.0,10.0,False,True
TD3,2028,test_0008,short,Beam Sweep,13.226572077244475,1322.6572077244475,0.01934787499999402,9,51.68526259345324,5.0,0.0,5.0,5.0,,,0.25,0.0,0.25,0.25,6.0,5.0,False,True
TD3,2028,test_0009,medium,Beam Sweep,16.451161123338697,1645.1161123338698,0.024129943999923853,9,41.44228432536585,11.875,0.0,11.875,11.875,,,0.25,0.0,0.25,0.25,7.0,6.0,False,True
TD3 Twin Critic,2026,test_0000,short,Beam Sweep,11.16319844692385,1116.319844692385,0.03822413799991864,9,26.16147942962451,18.75,0.0,18.75,18.75,,,0.25,0.0,0.25,0.25,12.0,11.0,False,True
TD3 Twin Critic,2026,test_0001,medium,Beam Sweep,17.807172471542028,1780.7172471542026,0.022388382000031015,9,44.66602365452826,11.875,0.0,11.875,11.875,,,0.25,0.0,0.25,0.25,7.0,6.0,False,True
TD3 Twin Critic,2026,test_0002,long,Beam Sweep,14.661300414733992,1466.1300414733992,0.02928416199995354,9,34.14815148207371,11.875,0.0,11.875,11.875,,,0.25,0.0,0.25,0.25,9.0,8.0,False,True
TD3 Twin Critic,2026,test_0003,very_long,Beam Sweep,15.8822849200829,1588.22849200829,0.03772379199995157,9,26.508469774228523,11.875,0.0,11.875,11.875,,,0.25,0.0,0.25,0.25,11.0,10.0,False,True
TD3 Twin Critic,2026,test_0004,short,Beam Sweep,18.20389540322384,1820.389540322384,0.024016797000058432,9,41.63752560333366,18.75,0.0,18.75,18.75,,,0.25,0.0,0.25,0.25,6.0,5.0,False,True
TD3 Twin Critic,2026,test_0005,medium,Beam Sweep,17.297141891254917,1729.7141891254917,0.025919673999965198,9,38.58073214969227,5.0,0.0,5.0,5.0,,,0.25,0.0,0.25,0.25,8.0,7.0,False,True
TD3 Twin Critic,2026,test_0006,long,Beam Sweep,18.249727518231307,1824.9727518231307,0.05199064199996428,9,19.234230652521795,5.0,0.0,5.0,5.0,,,0.25,0.0,0.25,0.25,16.0,15.0,False,True
TD3 Twin Critic,2026,test_0007,very_long,Beam Sweep,18.129511645042804,1812.9511645042803,0.0651393640000606,9,15.351700394235808,5.0,0.0,5.0,5.0,,,0.25,0.0,0.25,0.25,20.0,19.0,False,True
TD3 Twin Critic,2026,test_0008,short,Beam Sweep,15.710582343487753,1571.0582343487752,0.02508634700006951,9,39.86232032895141,5.0,0.0,5.0,5.0,,,0.25,0.0,0.25,0.25,7.0,6.0,False,True
TD3 Twin Critic,2026,test_0009,medium,Beam Sweep,18.920752699724385,1892.0752699724385,0.03604496299999482,9,27.74312738232367,11.875,0.0,11.875,11.875,,,0.25,0.0,0.25,0.25,11.0,10.0,False,True
TD3 Twin Critic,2027,test_0000,short,Beam Sweep,15.214332221254116,1521.4332221254115,0.022607981000078325,9,44.232167392414894,11.875,0.0,11.875,11.875,,,0.25,0.0,0.25,0.25,6.0,5.0,False,True
TD3 Twin Critic,2027,test_0001,medium,Beam Sweep,16.00771812656355,1600.771812656355,0.01931081100008214,9,51.784464153046,18.75,0.0,18.75,18.75,,,0.25,0.0,0.25,0.25,6.0,5.0,False,True
TD3 Twin Critic,2027,test_0002,long,Beam Sweep,16.65061726905522,1665.0617269055222,0.03501103600001443,9,28.56242243158951,11.875,0.0,11.875,11.875,,,0.25,0.0,0.25,0.25,11.0,10.0,False,True
TD3 Twin Critic,2027,test_0003,very_long,Beam Sweep,17.967654640415883,1796.7654640415883,0.06650632200000928,9,15.036164531844966,11.875,0.0,11.875,11.875,,,0.25,0.0,0.25,0.25,16.0,15.0,False,True
TD3 Twin Critic,2027,test_0004,short,Beam Sweep,15.423404184575386,1542.3404184575386,0.016648167999960606,9,60.0666691976178,18.75,0.0,18.75,18.75,,,0.25,0.0,0.25,0.25,5.0,4.0,False,True
TD3 Twin Critic,2027,test_0005,medium,Beam Sweep,13.567028287013253,1356.7028287013252,0.019594299000004867,9,51.03525265179181,11.875,0.0,11.875,11.875,,,0.25,0.0,0.25,0.25,6.0,5.0,False,True
TD3 Twin Critic,2027,test_0006,long,Beam Sweep,18.88647214017703,1888.6472140177032,0.11106072899997343,9,9.004082802303946,5.0,0.0,5.0,5.0,,,0.25,0.0,0.25,0.25,18.0,17.0,False,True
TD3 Twin Critic,2027,test_0007,very_long,Beam Sweep,16.35674054825069,1635.674054825069,0.0943094279999741,9,10.60339375613936,11.875,0.0,11.875,11.875,,,0.25,0.0,0.25,0.25,15.0,14.0,False,True
TD3 Twin Critic,2027,test_0008,short,Beam Sweep,6.3215240993285295,632.152409932853,0.20478405999995175,9,4.883192568797765,11.875,0.0,11.875,11.875,,,0.25,0.0,0.25,0.25,60.0,59.0,False,True
TD3 Twin Critic,2027,test_0009,medium,Beam Sweep,16.725940916018605,1672.5940916018606,0.026286224999921615,9,38.042739115372484,11.875,0.0,11.875,11.875,,,0.25,0.0,0.25,0.25,8.0,7.0,False,True
TD3 Twin Critic,2028,test_0000,short,Beam Sweep,17.559796073399063,1755.9796073399061,0.019625020000034965,9,50.95536208361665,11.875,0.0,11.875,11.875,,,0.25,0.0,0.25,0.25,6.0,5.0,False,True
TD3 Twin Critic,2028,test_0001,medium,Beam Sweep,19.16828427734585,1916.8284277345851,0.022344228000065414,9,44.75428732633199,11.875,0.0,11.875,11.875,,,0.25,0.0,0.25,0.25,7.0,6.0,False,True
TD3 Twin Critic,2028,test_0002,long,Beam Sweep,17.724886951989028,1772.4886951989029,0.03511280700001862,9,28.479637073716997,11.875,0.0,11.875,11.875,,,0.25,0.0,0.25,0.25,11.0,10.0,False,True
TD3 Twin Critic,2028,test_0003,very_long,Beam Sweep,15.489388607286292,1548.9388607286292,0.039351764999992156,9,25.411820791270717,11.875,0.0,11.875,11.875,,,0.25,0.0,0.25,0.25,11.0,10.0,False,True
TD3 Twin Critic,2028,test_0004,short,Beam Sweep,15.52601519579268,1552.601519579268,0.019782513999984985,9,50.549692521423665,18.75,0.0,18.75,18.75,,,0.25,0.0,0.25,0.25,6.0,5.0,False,True
TD3 Twin Critic,2028,test_0005,medium,Beam Sweep,16.123123915710757,1612.3123915710758,0.022576092999997854,9,44.29464389609376,5.0,0.0,5.0,5.0,,,0.25,0.0,0.25,0.25,7.0,6.0,False,True
TD3 Twin Critic,2028,test_0006,long,Beam Sweep,15.089880218733871,1508.9880218733872,0.03521072600005937,9,28.40043684411148,5.0,0.0,5.0,5.0,,,0.25,0.0,0.25,0.25,10.0,9.0,False,True
TD3 Twin Critic,2028,test_0007,very_long,Beam Sweep,14.364549264701104,1436.4549264701104,0.03839784599995255,9,26.04312752338336,5.0,0.0,5.0,5.0,,,0.25,0.0,0.25,0.25,12.0,11.0,False,True
TD3 Twin Critic,2028,test_0008,short,Beam Sweep,17.183034277114547,1718.3034277114546,0.022442432999923767,9,44.55844872092953,5.0,0.0,5.0,5.0,,,0.25,0.0,0.25,0.25,7.0,6.0,False,True
TD3 Twin Critic,2028,test_0009,medium,Beam Sweep,17.602814320713286,1760.2814320713287,0.02882187900002009,9,34.69586420785761,11.875,0.0,11.875,11.875,,,0.25,0.0,0.25,0.25,9.0,8.0,False,True
TD3 Target Policy Smoothing,2026,test_0000,short,Beam Sweep,11.163198972372959,1116.319897237296,0.038516561999927035,9,25.962857224948955,18.75,0.0,18.75,18.75,,,0.25,0.0,0.25,0.25,12.0,11.0,False,True
TD3 Target Policy Smoothing,2026,test_0001,medium,Beam Sweep,17.807171752064622,1780.7171752064621,0.022606859000006807,9,44.23436267726087,11.875,0.0,11.875,11.875,,,0.25,0.0,0.25,0.25,7.0,6.0,False,True
TD3 Target Policy Smoothing,2026,test_0002,long,Beam Sweep,14.661300636586699,1466.13006365867,0.029785819999915475,9,33.573022330855345,11.875,0.0,11.875,11.875,,,0.25,0.0,0.25,0.25,9.0,8.0,False,True
TD3 Target Policy Smoothing,2026,test_0003,very_long,Beam Sweep,15.8822849200829,1588.22849200829,0.03593189299999722,9,27.830429084269994,11.875,0.0,11.875,11.875,,,0.25,0.0,0.25,0.25,11.0,10.0,False,True
TD3 Target Policy Smoothing,2026,test_0004,short,Beam Sweep,18.203896079165307,1820.3896079165308,0.02554531999999199,9,39.14611365214112,18.75,0.0,18.75,18.75,,,0.25,0.0,0.25,0.25,6.0,5.0,False,True
TD3 Target Policy Smoothing,2026,test_0005,medium,Beam Sweep,17.297141891254917,1729.7141891254917,0.025771522000013647,9,38.80252008396984,5.0,0.0,5.0,5.0,,,0.25,0.0,0.25,0.25,8.0,7.0,False,True
TD3 Target Policy Smoothing,2026,test_0006,long,Beam Sweep,18.249727518231307,1824.9727518231307,0.05004958999995779,9,19.98018365386896,5.0,0.0,5.0,5.0,,,0.25,0.0,0.25,0.25,16.0,15.0,False,True
TD3 Target Policy Smoothing,2026,test_0007,very_long,Beam Sweep,18.129511645042804,1812.9511645042803,0.06259329899990007,9,15.976151057345556,5.0,0.0,5.0,5.0,,,0.25,0.0,0.25,0.25,20.0,19.0,False,True
TD3 Target Policy Smoothing,2026,test_0008,short,Beam Sweep,15.710582343487753,1571.0582343487752,0.02326459700009309,9,42.98376627783403,5.0,0.0,5.0,5.0,,,0.25,0.0,0.25,0.25,7.0,6.0,False,True
TD3 Target Policy Smoothing,2026,test_0009,medium,Beam Sweep,18.920752699724385,1892.0752699724385,0.04121795500009284,9,24.261271574432733,11.875,0.0,11.875,11.875,,,0.25,0.0,0.25,0.25,11.0,10.0,False,True
TD3 Target Policy Smoothing,2027,test_0000,short,Beam Sweep,15.214347342983539,1521.434734298354,0.020347897999954512,9,49.14512545729468,11.875,0.0,11.875,11.875,,,0.25,0.0,0.25,0.25,6.0,5.0,False,True
TD3 Target Policy Smoothing,2027,test_0001,medium,Beam Sweep,16.00772568089868,1600.7725680898682,0.01930630200001815,9,51.79655845014027,18.75,0.0,18.75,18.75,,,0.25,0.0,0.25,0.25,6.0,5.0,False,True
TD3 Target Policy Smoothing,2027,test_0002,long,Beam Sweep,16.651122195330004,1665.1122195330004,0.03516555800001697,9,28.436915461415893,11.875,0.0,11.875,11.875,,,0.25,0.0,0.25,0.25,11.0,10.0,False,True
TD3 Target Policy Smoothing,2027,test_0003,very_long,Beam Sweep,17.967541358341034,1796.7541358341034,0.05745048500000394,9,17.406293436860132,11.875,0.0,11.875,11.875,,,0.25,0.0,0.25,0.25,16.0,15.0,False,True
TD3 Target Policy Smoothing,2027,test_0004,short,Beam Sweep,15.423414823698817,1542.3414823698815,0.01692965600000207,9,59.0679456215695,18.75,0.0,18.75,18.75,,,0.25,0.0,0.25,0.25,5.0,4.0,False,True
TD3 Target Policy Smoothing,2027,test_0005,medium,Beam Sweep,13.567024614329505,1356.7024614329505,0.02231438100000105,9,44.814149225109716,11.875,0.0,11.875,11.875,,,0.25,0.0,0.25,0.25,6.0,5.0,False,True
TD3 Target Policy Smoothing,2027,test_0006,long,Beam Sweep,18.886470528151705,1888.6470528151706,0.062458536999997705,9,16.010621574438044,5.0,0.0,5.0,5.0,,,0.25,0.0,0.25,0.25,18.0,17.0,False,True
TD3 Target Policy Smoothing,2027,test_0007,very_long,Beam Sweep,16.356720249999846,1635.6720249999846,0.04909385500002372,9,20.369148032875334,11.875,0.0,11.875,11.875,,,0.25,0.0,0.25,0.25,15.0,14.0,False,True
TD3 Target Policy Smoothing,2027,test_0008,short,Beam Sweep,6.321519680828904,632.1519680828903,0.34735800500004643,9,2.8788742035752604,11.875,0.0,11.875,11.875,,,0.25,0.0,0.25,0.25,60.0,59.0,False,True
TD3 Target Policy Smoothing,2027,test_0009,medium,Beam Sweep,16.725942245542306,1672.5942245542308,0.051797028999999384,9,19.306126612011123,11.875,0.0,11.875,11.875,,,0.25,0.0,0.25,0.25,8.0,7.0,False,True
TD3 Target Policy Smoothing,2028,test_0000,short,Beam Sweep,17.559795582979447,1755.9795582979448,0.03771379500005878,9,26.51549651787738,11.875,0.0,11.875,11.875,,,0.25,0.0,0.25,0.25,6.0,5.0,False,True
TD3 Target Policy Smoothing,2028,test_0001,medium,Beam Sweep,19.168283566075747,1916.8283566075747,0.043150645999958215,9,23.174624083286457,11.875,0.0,11.875,11.875,,,0.25,0.0,0.25,0.25,7.0,6.0,False,True
TD3 Target Policy Smoothing,2028,test_0002,long,Beam Sweep,17.724887552308637,1772.4887552308635,0.03557385700003124,9,28.11053071920545,11.875,0.0,11.875,11.875,,,0.25,0.0,0.25,0.25,11.0,10.0,False,True
TD3 Target Policy Smoothing,2028,test_0003,very_long,Beam Sweep,15.489388711683587,1548.9388711683587,0.03512667699999383,9,28.46839170127523,11.875,0.0,11.875,11.875,,,0.25,0.0,0.25,0.25,11.0,10.0,False,True
TD3 Target Policy Smoothing,2028,test_0004,short,Beam Sweep,15.526029589031724,1552.6029589031725,0.01975528899993151,9,50.61935565728585,18.75,0.0,18.75,18.75,,,0.25,0.0,0.25,0.25,6.0,5.0,False,True
TD3 Target Policy Smoothing,2028,test_0005,medium,Beam Sweep,16.123123915710757,1612.3123915710758,0.023111027000027207,9,43.26938824478994,5.0,0.0,5.0,5.0,,,0.25,0.0,0.25,0.25,7.0,6.0,False,True
TD3 Target Policy Smoothing,2028,test_0006,long,Beam Sweep,15.089880218733871,1508.9880218733872,0.03598369199994522,9,27.7903668139868,5.0,0.0,5.0,5.0,,,0.25,0.0,0.25,0.25,10.0,9.0,False,True
TD3 Target Policy Smoothing,2028,test_0007,very_long,Beam Sweep,14.364548822412926,1436.4548822412928,0.038140062000024955,9,26.21914982726944,5.0,0.0,5.0,5.0,,,0.25,0.0,0.25,0.25,12.0,11.0,False,True
TD3 Target Policy Smoothing,2028,test_0008,short,Beam Sweep,17.183034191183868,1718.3034191183867,0.025831469999957335,9,38.712469712395446,5.0,0.0,5.0,5.0,,,0.25,0.0,0.25,0.25,7.0,6.0,False,True
TD3 Target Policy Smoothing,2028,test_0009,medium,Beam Sweep,17.602814467315945,1760.2814467315945,0.033300337000014224,9,30.02972612558164,11.875,0.0,11.875,11.875,,,0.25,0.0,0.25,0.25,9.0,8.0,False,True
TD3 Delayed Actor Update,2026,test_0000,short,Beam Sweep,16.87178635252406,1687.1786352524061,0.014800289000049816,9,67.56624819938544,11.875,0.0,11.875,11.875,,,0.25,0.0,0.25,0.25,4.0,3.0,False,True
TD3 Delayed Actor Update,2026,test_0001,medium,Beam Sweep,17.469685788551995,1746.9685788551997,0.01927553399991666,9,51.87923717207127,18.75,0.0,18.75,18.75,,,0.25,0.0,0.25,0.25,6.0,5.0,False,True
TD3 Delayed Actor Update,2026,test_0002,long,Beam Sweep,15.274613822718315,1527.4613822718316,0.028829925999957595,9,34.686179909080266,11.875,0.0,11.875,11.875,,,0.25,0.0,0.25,0.25,9.0,8.0,False,True
TD3 Delayed Actor Update,2026,test_0003,very_long,Beam Sweep,15.575361914706257,1557.5361914706257,0.040960451000046305,9,24.413793685984306,11.875,0.0,11.875,11.875,,,0.25,0.0,0.25,0.25,13.0,12.0,False,True
TD3 Delayed Actor Update,2026,test_0004,short,Beam Sweep,19.012799547467033,1901.2799547467034,0.022722714999986238,9,44.00882552989842,11.875,0.0,11.875,11.875,,,0.25,0.0,0.25,0.25,7.0,6.0,False,True
TD3 Delayed Actor Update,2026,test_0005,medium,Beam Sweep,18.556165738042647,1855.6165738042648,0.025800883999977486,9,38.75836192282685,5.0,0.0,5.0,5.0,,,0.25,0.0,0.25,0.25,8.0,7.0,False,True
TD3 Delayed Actor Update,2026,test_0006,long,Beam Sweep,17.246332097927574,1724.6332097927575,0.03846172500004741,9,25.999873900579534,5.0,0.0,5.0,5.0,,,0.25,0.0,0.25,0.25,12.0,11.0,False,True
TD3 Delayed Actor Update,2026,test_0007,very_long,Beam Sweep,17.149393504126376,1714.9393504126376,0.053756800000087424,9,18.602297755788545,11.875,0.0,11.875,11.875,,,0.25,0.0,0.25,0.25,17.0,16.0,False,True
TD3 Delayed Actor Update,2026,test_0008,short,Beam Sweep,18.00239597185178,1800.2395971851781,0.022663290999958008,9,44.12421832300758,5.0,0.0,5.0,5.0,,,0.25,0.0,0.25,0.25,7.0,6.0,False,True
TD3 Delayed Actor Update,2026,test_0009,medium,Beam Sweep,18.903787642617477,1890.3787642617476,0.02964104100010445,9,33.73700673996153,11.875,0.0,11.875,11.875,,,0.25,0.0,0.25,0.25,9.0,8.0,False,True
TD3 Delayed Actor Update,2027,test_0000,short,Beam Sweep,18.64352092152365,1864.352092152365,0.025691223000080754,9,38.923798995355604,11.875,0.0,11.875,11.875,,,0.25,0.0,0.25,0.25,8.0,7.0,False,True
TD3 Delayed Actor Update,2027,test_0001,medium,Beam Sweep,17.551435818678645,1755.1435818678644,0.022859175999997206,9,43.74610878362905,18.75,0.0,18.75,18.75,,,0.25,0.0,0.25,0.25,7.0,6.0,False,True
TD3 Delayed Actor Update,2027,test_0002,long,Beam Sweep,18.516789336593387,1851.6789336593388,0.049993170999982794,9,20.002731973139774,11.875,0.0,11.875,11.875,,,0.25,0.0,0.25,0.25,15.0,14.0,False,True
TD3 Delayed Actor Update,2027,test_0003,very_long,Beam Sweep,16.666543677164412,1666.6543677164411,0.04210606399999506,9,23.749548283594432,5.0,0.0,5.0,5.0,,,0.25,0.0,0.25,0.25,13.0,12.0,False,True
TD3 Delayed Actor Update,2027,test_0004,short,Beam Sweep,15.179508933567528,1517.9508933567527,0.016366712000035477,9,61.099627096623465,18.75,0.0,18.75,18.75,,,0.25,0.0,0.25,0.25,5.0,4.0,False,True
TD3 Delayed Actor Update,2027,test_0005,medium,Beam Sweep,11.635447271087823,1163.5447271087824,0.022617024999931346,9,44.214480021268734,11.875,0.0,11.875,11.875,,,0.25,0.0,0.25,0.25,7.0,6.0,False,True
TD3 Delayed Actor Update,2027,test_0006,long,Beam Sweep,16.656183577497135,1665.6183577497134,0.047643731999983174,9,20.989119827983945,5.0,0.0,5.0,5.0,,,0.25,0.0,0.25,0.25,13.0,12.0,False,True
TD3 Delayed Actor Update,2027,test_0007,very_long,Beam Sweep,14.579398344306195,1457.9398344306194,0.03526951599997119,9,28.35309676494616,11.875,0.0,11.875,11.875,,,0.25,0.0,0.25,0.25,11.0,10.0,False,True
TD3 Delayed Actor Update,2027,test_0008,short,Beam Sweep,11.180800652508063,1118.0800652508062,0.02857874599999377,9,34.99103844515144,11.875,0.0,11.875,11.875,,,0.25,0.0,0.25,0.25,9.0,8.0,False,True
TD3 Delayed Actor Update,2027,test_0009,medium,Beam Sweep,16.87088863453834,1687.0888634538337,0.022429078999948615,9,44.584978277631954,11.875,0.0,11.875,11.875,,,0.25,0.0,0.25,0.25,7.0,6.0,False,True
TD3 Delayed Actor Update,2028,test_0000,short,Beam Sweep,17.55961752074223,1755.9617520742229,0.019190040000012232,9,52.11036558544759,11.875,0.0,11.875,11.875,,,0.25,0.0,0.25,0.25,6.0,5.0,False,True
TD3 Delayed Actor Update,2028,test_0001,medium,Beam Sweep,19.167943555775302,1916.79435557753,0.022666815999969003,9,44.11735640335932,11.875,0.0,11.875,11.875,,,0.25,0.0,0.25,0.25,7.0,6.0,False,True
TD3 Delayed Actor Update,2028,test_0002,long,Beam Sweep,17.72514340193086,1772.5143401930861,0.035598741000058,9,28.090881079147454,11.875,0.0,11.875,11.875,,,0.25,0.0,0.25,0.25,11.0,10.0,False,True
TD3 Delayed Actor Update,2028,test_0003,very_long,Beam Sweep,15.48931987776728,1548.931987776728,0.03571888900000886,9,27.996391489101242,11.875,0.0,11.875,11.875,,,0.25,0.0,0.25,0.25,11.0,10.0,False,True
TD3 Delayed Actor Update,2028,test_0004,short,Beam Sweep,15.52875541672107,1552.875541672107,0.020098285000017313,9,49.75548908770766,18.75,0.0,18.75,18.75,,,0.25,0.0,0.25,0.25,6.0,5.0,False,True
TD3 Delayed Actor Update,2028,test_0005,medium,Beam Sweep,16.123195500083803,1612.3195500083802,0.02266972400002487,9,44.11169716926871,5.0,0.0,5.0,5.0,,,0.25,0.0,0.25,0.25,7.0,6.0,False,True
TD3 Delayed Actor Update,2028,test_0006,long,Beam Sweep,15.089851099694972,1508.9851099694972,0.05781837100005305,9,17.295540893033504,5.0,0.0,5.0,5.0,,,0.25,0.0,0.25,0.25,10.0,9.0,False,True
TD3 Delayed Actor Update,2028,test_0007,very_long,Beam Sweep,14.364480502993928,1436.4480502993927,0.06440383200003907,9,15.527026404257953,5.0,0.0,5.0,5.0,,,0.25,0.0,0.25,0.25,12.0,11.0,False,True
TD3 Delayed Actor Update,2028,test_0008,short,Beam Sweep,17.183053863380252,1718.305386338025,0.038067074999958095,9,26.269420490045555,5.0,0.0,5.0,5.0,,,0.25,0.0,0.25,0.25,7.0,6.0,False,True
TD3 Delayed Actor Update,2028,test_0009,medium,Beam Sweep,17.603072273464885,1760.3072273464884,0.05016734599996653,9,19.93328489014881,11.875,0.0,11.875,11.875,,,0.25,0.0,0.25,0.25,9.0,8.0,False,True
TD3 Soft Target Update,2026,test_0000,short,Beam Sweep,16.871879361307556,1687.1879361307556,0.026878725999949893,9,37.20414427387162,11.875,0.0,11.875,11.875,,,0.25,0.0,0.25,0.25,4.0,3.0,False,True
TD3 Soft Target Update,2026,test_0001,medium,Beam Sweep,17.470297270492427,1747.0297270492426,0.0354391509999914,9,28.217380263997935,18.75,0.0,18.75,18.75,,,0.25,0.0,0.25,0.25,6.0,5.0,False,True
TD3 Soft Target Update,2026,test_0002,long,Beam Sweep,15.274491823466585,1527.4491823466585,0.054738650999979654,9,18.268627043811723,11.875,0.0,11.875,11.875,,,0.25,0.0,0.25,0.25,9.0,8.0,False,True
TD3 Soft Target Update,2026,test_0003,very_long,Beam Sweep,15.575402039065208,1557.540203906521,0.04139791099999002,9,24.155808248397875,11.875,0.0,11.875,11.875,,,0.25,0.0,0.25,0.25,13.0,12.0,False,True
TD3 Soft Target Update,2026,test_0004,short,Beam Sweep,19.012452946152962,1901.2452946152962,0.02312895500006107,9,43.23584874445731,11.875,0.0,11.875,11.875,,,0.25,0.0,0.25,0.25,7.0,6.0,False,True
TD3 Soft Target Update,2026,test_0005,medium,Beam Sweep,18.556038038822322,1855.6038038822321,0.02574893299993164,9,38.83656072283286,5.0,0.0,5.0,5.0,,,0.25,0.0,0.25,0.25,8.0,7.0,False,True
TD3 Soft Target Update,2026,test_0006,long,Beam Sweep,17.246080138020044,1724.6080138020043,0.03807490899998811,9,26.26401549640768,5.0,0.0,5.0,5.0,,,0.25,0.0,0.25,0.25,12.0,11.0,False,True
TD3 Soft Target Update,2026,test_0007,very_long,Beam Sweep,17.14916919737246,1714.9169197372457,0.053513308999981746,9,18.68694010307494,11.875,0.0,11.875,11.875,,,0.25,0.0,0.25,0.25,17.0,16.0,False,True
TD3 Soft Target Update,2026,test_0008,short,Beam Sweep,18.00283561591333,1800.283561591333,0.024481878999949913,9,40.84653796393838,5.0,0.0,5.0,5.0,,,0.25,0.0,0.25,0.25,7.0,6.0,False,True
TD3 Soft Target Update,2026,test_0009,medium,Beam Sweep,18.903805039156893,1890.3805039156891,0.0289370200000576,9,34.55780864781548,11.875,0.0,11.875,11.875,,,0.25,0.0,0.25,0.25,9.0,8.0,False,True
TD3 Soft Target Update,2027,test_0000,short,Beam Sweep,17.18865136172619,1718.865136172619,0.019383953999977166,9,51.58906175701706,11.875,0.0,11.875,11.875,,,0.25,0.0,0.25,0.25,6.0,5.0,False,True
TD3 Soft Target Update,2027,test_0001,medium,Beam Sweep,17.360171717032202,1736.0171717032201,0.01997681900002135,9,50.05801974773517,18.75,0.0,18.75,18.75,,,0.25,0.0,0.25,0.25,6.0,5.0,False,True
TD3 Soft Target Update,2027,test_0002,long,Beam Sweep,16.412570736008266,1641.2570736008267,0.03888416200004485,9,25.717411628900386,11.875,0.0,11.875,11.875,,,0.25,0.0,0.25,0.25,12.0,11.0,False,True
TD3 Soft Target Update,2027,test_0003,very_long,Beam Sweep,15.669651137823964,1566.9651137823964,0.034843915000010384,9,28.69941566553879,11.875,0.0,11.875,11.875,,,0.25,0.0,0.25,0.25,11.0,10.0,False,True
TD3 Soft Target Update,2027,test_0004,short,Beam Sweep,15.037569670368356,1503.7569670368357,0.016279285999985404,9,61.42775549252569,18.75,0.0,18.75,18.75,,,0.25,0.0,0.25,0.25,5.0,4.0,False,True
TD3 Soft Target Update,2027,test_0005,medium,Beam Sweep,11.141821137643095,1114.1821137643096,0.026173373000005995,9,38.20676838249969,11.875,0.0,11.875,11.875,,,0.25,0.0,0.25,0.25,8.0,7.0,False,True
TD3 Soft Target Update,2027,test_0006,long,Beam Sweep,14.088750256826312,1408.8750256826313,0.035240855000097326,9,28.376156026783068,11.875,0.0,11.875,11.875,,,0.25,0.0,0.25,0.25,11.0,10.0,False,True
TD3 Soft Target Update,2027,test_0007,very_long,Beam Sweep,14.746712821721143,1474.6712821721144,0.03485998999997264,9,28.68618149347676,11.875,0.0,11.875,11.875,,,0.25,0.0,0.25,0.25,11.0,10.0,False,True
TD3 Soft Target Update,2027,test_0008,short,Beam Sweep,13.17596374748377,1317.596374748377,0.030727892000072643,9,32.54372281696499,11.875,0.0,11.875,11.875,,,0.25,0.0,0.25,0.25,9.0,8.0,False,True
TD3 Soft Target Update,2027,test_0009,medium,Beam Sweep,16.8316241260729,1683.16241260729,0.024659871999915595,9,40.551710893042056,11.875,0.0,11.875,11.875,,,0.25,0.0,0.25,0.25,7.0,6.0,False,True
TD3 Soft Target Update,2028,test_0000,short,Beam Sweep,12.06266670467894,1206.2666704678938,0.03298781700004838,9,30.314221762492902,18.75,0.0,18.75,18.75,,,0.25,0.0,0.25,0.25,9.0,8.0,False,True
TD3 Soft Target Update,2028,test_0001,medium,Beam Sweep,18.139924507319044,1813.9924507319045,0.02211895799996455,9,45.210086297989385,18.75,0.0,18.75,18.75,,,0.25,0.0,0.25,0.25,6.0,5.0,False,True
TD3 Soft Target Update,2028,test_0002,long,Beam Sweep,15.376150336063805,1537.6150336063804,0.03241015699995842,9,30.854525018230643,11.875,0.0,11.875,11.875,,,0.25,0.0,0.25,0.25,9.0,8.0,False,True
TD3 Soft Target Update,2028,test_0003,very_long,Beam Sweep,16.27718122916207,1627.718122916207,0.029353962000072897,9,34.06695150717701,11.875,0.0,11.875,11.875,,,0.25,0.0,0.25,0.25,9.0,8.0,False,True
TD3 Soft Target Update,2028,test_0004,short,Beam Sweep,15.88966770093487,1588.966770093487,0.018752172000063183,9,53.32715591541239,18.75,0.0,18.75,18.75,,,0.25,0.0,0.25,0.25,5.0,4.0,False,True
TD3 Soft Target Update,2028,test_0005,medium,Beam Sweep,15.772756262500339,1577.2756262500338,0.020594694999999774,9,48.55619371881987,5.0,0.0,5.0,5.0,,,0.25,0.0,0.25,0.25,6.0,5.0,False,True
TD3 Soft Target Update,2028,test_0006,long,Beam Sweep,16.29029705806393,1629.0297058063932,0.032223157999965224,9,31.033581500642462,5.0,0.0,5.0,5.0,,,0.25,0.0,0.25,0.25,10.0,9.0,False,True
TD3 Soft Target Update,2028,test_0007,very_long,Beam Sweep,14.938527680535499,1493.8527680535497,0.03622860699999819,9,27.60249655748701,5.0,0.0,5.0,5.0,,,0.25,0.0,0.25,0.25,11.0,10.0,False,True
TD3 Soft Target Update,2028,test_0008,short,Beam Sweep,17.1066131255311,1710.66131255311,0.019484972000100242,9,51.3216031306001,5.0,0.0,5.0,5.0,,,0.25,0.0,0.25,0.25,6.0,5.0,False,True
TD3 Soft Target Update,2028,test_0009,medium,Beam Sweep,17.998395381011235,1799.8395381011235,0.025790460000052917,9,38.7740272952847,11.875,0.0,11.875,11.875,,,0.25,0.0,0.25,0.25,8.0,7.0,False,True
TD3 Gradient Clipping,2026,test_0000,short,Beam Sweep,16.872298817576105,1687.2298817576107,0.020777135000003,9,48.12983118220369,11.875,0.0,11.875,11.875,,,0.25,0.0,0.25,0.25,4.0,3.0,False,True
TD3 Gradient Clipping,2026,test_0001,medium,Beam Sweep,17.471554950655122,1747.1554950655122,0.019641683000031662,9,50.9121341586863,18.75,0.0,18.75,18.75,,,0.25,0.0,0.25,0.25,6.0,5.0,False,True
TD3 Gradient Clipping,2026,test_0002,long,Beam Sweep,15.27401973924092,1527.401973924092,0.029501829999958318,9,33.896202371222834,11.875,0.0,11.875,11.875,,,0.25,0.0,0.25,0.25,9.0,8.0,False,True
TD3 Gradient Clipping,2026,test_0003,very_long,Beam Sweep,15.57564493041378,1557.564493041378,0.042170461999944564,9,23.71328063707992,11.875,0.0,11.875,11.875,,,0.25,0.0,0.25,0.25,13.0,12.0,False,True
TD3 Gradient Clipping,2026,test_0004,short,Beam Sweep,19.01228494567344,1901.228494567344,0.023034651000102713,9,43.412856569675874,11.875,0.0,11.875,11.875,,,0.25,0.0,0.25,0.25,7.0,6.0,False,True
TD3 Gradient Clipping,2026,test_0005,medium,Beam Sweep,18.55591041735538,1855.5910417355383,0.0255457570000317,9,39.145443996776415,5.0,0.0,5.0,5.0,,,0.25,0.0,0.25,0.25,8.0,7.0,False,True
TD3 Gradient Clipping,2026,test_0006,long,Beam Sweep,17.245832312742476,1724.5832312742477,0.038655694999988555,9,25.86940941044511,5.0,0.0,5.0,5.0,,,0.25,0.0,0.25,0.25,12.0,11.0,False,True
TD3 Gradient Clipping,2026,test_0007,very_long,Beam Sweep,17.14890994223217,1714.890994223217,0.05603888600001028,9,17.84475158909862,11.875,0.0,11.875,11.875,,,0.25,0.0,0.25,0.25,17.0,16.0,False,True
TD3 Gradient Clipping,2026,test_0008,short,Beam Sweep,18.00319521033556,1800.3195210335557,0.03713840800003254,9,26.92630227981565,5.0,0.0,5.0,5.0,,,0.25,0.0,0.25,0.25,7.0,6.0,False,True
TD3 Gradient Clipping,2026,test_0009,medium,Beam Sweep,18.903800712359992,1890.3800712359991,0.0579932309999549,9,17.24339173309343,11.875,0.0,11.875,11.875,,,0.25,0.0,0.25,0.25,9.0,8.0,False,True
TD3 Gradient Clipping,2027,test_0000,short,Beam Sweep,18.641208594019407,1864.1208594019406,0.043266487999972014,9,23.1125761813773,11.875,0.0,11.875,11.875,,,0.25,0.0,0.25,0.25,8.0,7.0,False,True
TD3 Gradient Clipping,2027,test_0001,medium,Beam Sweep,17.544759304867245,1754.4759304867246,0.03762870599996404,9,26.575455451509697,18.75,0.0,18.75,18.75,,,0.25,0.0,0.25,0.25,7.0,6.0,False,True
TD3 Gradient Clipping,2027,test_0002,long,Beam Sweep,18.52112866477334,1852.112866477334,0.08982597399995029,9,11.132637426236574,11.875,0.0,11.875,11.875,,,0.25,0.0,0.25,0.25,15.0,14.0,False,True
TD3 Gradient Clipping,2027,test_0003,very_long,Beam Sweep,16.688483121057097,1668.8483121057095,0.04081942400000571,9,24.498140885081085,5.0,0.0,5.0,5.0,,,0.25,0.0,0.25,0.25,13.0,12.0,False,True
TD3 Gradient Clipping,2027,test_0004,short,Beam Sweep,15.170334962082038,1517.0334962082038,0.016312882999955036,9,61.301242705091205,18.75,0.0,18.75,18.75,,,0.25,0.0,0.25,0.25,5.0,4.0,False,True
TD3 Gradient Clipping,2027,test_0005,medium,Beam Sweep,11.637663035031053,1163.7663035031053,0.02261607200000526,9,44.21634313862139,11.875,0.0,11.875,11.875,,,0.25,0.0,0.25,0.25,7.0,6.0,False,True
TD3 Gradient Clipping,2027,test_0006,long,Beam Sweep,16.652408224079863,1665.2408224079863,0.04157522900004551,9,24.05278393052039,5.0,0.0,5.0,5.0,,,0.25,0.0,0.25,0.25,13.0,12.0,False,True
TD3 Gradient Clipping,2027,test_0007,very_long,Beam Sweep,14.575485971575363,1457.5485971575363,0.035426322000034816,9,28.227598676459195,11.875,0.0,11.875,11.875,,,0.25,0.0,0.25,0.25,11.0,10.0,False,True
TD3 Gradient Clipping,2027,test_0008,short,Beam Sweep,11.185647463429332,1118.5647463429332,0.03668807700000798,9,27.256811524893564,11.875,0.0,11.875,11.875,,,0.25,0.0,0.25,0.25,9.0,8.0,False,True
TD3 Gradient Clipping,2027,test_0009,medium,Beam Sweep,16.868946373941093,1686.8946373941092,0.022642356000005748,9,44.16501533673201,11.875,0.0,11.875,11.875,,,0.25,0.0,0.25,0.25,7.0,6.0,False,True
TD3 Gradient Clipping,2028,test_0000,short,Beam Sweep,16.87366079085193,1687.366079085193,0.013474296000026698,9,74.21538015774766,11.875,0.0,11.875,11.875,,,0.25,0.0,0.25,0.25,4.0,3.0,False,True
TD3 Gradient Clipping,2028,test_0001,medium,Beam Sweep,17.46263790686579,1746.263790686579,0.019336185999918598,9,51.71650707146745,18.75,0.0,18.75,18.75,,,0.25,0.0,0.25,0.25,6.0,5.0,False,True
TD3 Gradient Clipping,2028,test_0002,long,Beam Sweep,15.277448096406768,1527.7448096406767,0.02876871499995559,9,34.75998145907955,11.875,0.0,11.875,11.875,,,0.25,0.0,0.25,0.25,9.0,8.0,False,True
TD3 Gradient Clipping,2028,test_0003,very_long,Beam Sweep,15.569873699675922,1556.9873699675923,0.0473016999999345,9,21.140889228111988,11.875,0.0,11.875,11.875,,,0.25,0.0,0.25,0.25,13.0,12.0,False,True
TD3 Gradient Clipping,2028,test_0004,short,Beam Sweep,18.976684520946588,1897.668452094659,0.022914405999927112,9,43.640668669446676,11.875,0.0,11.875,11.875,,,0.25,0.0,0.25,0.25,7.0,6.0,False,True
TD3 Gradient Clipping,2028,test_0005,medium,Beam Sweep,18.552079004638017,1855.2079004638017,0.026545440000063536,9,37.67125351840491,5.0,0.0,5.0,5.0,,,0.25,0.0,0.25,0.25,8.0,7.0,False,True
TD3 Gradient Clipping,2028,test_0006,long,Beam Sweep,17.244588809284075,1724.4588809284073,0.04379748300004849,9,22.832362307187672,5.0,0.0,5.0,5.0,,,0.25,0.0,0.25,0.25,12.0,11.0,False,True
TD3 Gradient Clipping,2028,test_0007,very_long,Beam Sweep,17.084570177574438,1708.457017757444,0.053095870000106515,9,18.833856569220806,11.875,0.0,11.875,11.875,,,0.25,0.0,0.25,0.25,17.0,16.0,False,True
TD3 Gradient Clipping,2028,test_0008,short,Beam Sweep,18.001780717063415,1800.1780717063416,0.022876658000086536,9,43.712678661202055,5.0,0.0,5.0,5.0,,,0.25,0.0,0.25,0.25,7.0,6.0,False,True
TD3 Gradient Clipping,2028,test_0009,medium,Beam Sweep,18.899246334736297,1889.9246334736297,0.030327207000027556,9,32.9736925658565,11.875,0.0,11.875,11.875,,,0.25,0.0,0.25,0.25,9.0,8.0,False,True
TD3 Adaptive Exploration Decay,2026,test_0000,short,Beam Sweep,16.872004833395803,1687.2004833395804,0.015263808999975481,9,65.51444662348739,11.875,0.0,11.875,11.875,,,0.25,0.0,0.25,0.25,4.0,3.0,False,True
TD3 Adaptive Exploration Decay,2026,test_0001,medium,Beam Sweep,17.470787974768026,1747.0787974768025,0.021769429000073615,9,45.93597746622653,18.75,0.0,18.75,18.75,,,0.25,0.0,0.25,0.25,6.0,5.0,False,True
TD3 Adaptive Exploration Decay,2026,test_0002,long,Beam Sweep,15.273682020241145,1527.3682020241145,0.03236327499996605,9,30.89922141690076,11.875,0.0,11.875,11.875,,,0.25,0.0,0.25,0.25,9.0,8.0,False,True
TD3 Adaptive Exploration Decay,2026,test_0003,very_long,Beam Sweep,15.575610277846788,1557.561027784679,0.04738849900002151,9,21.102166582645847,11.875,0.0,11.875,11.875,,,0.25,0.0,0.25,0.25,13.0,12.0,False,True
TD3 Adaptive Exploration Decay,2026,test_0004,short,Beam Sweep,19.012033465875238,1901.2033465875238,0.02299407999998948,9,43.48945467704981,11.875,0.0,11.875,11.875,,,0.25,0.0,0.25,0.25,7.0,6.0,False,True
TD3 Adaptive Exploration Decay,2026,test_0005,medium,Beam Sweep,18.55595269671344,1855.595269671344,0.02569225800004915,9,38.922230969270466,5.0,0.0,5.0,5.0,,,0.25,0.0,0.25,0.25,8.0,7.0,False,True
TD3 Adaptive Exploration Decay,2026,test_0006,long,Beam Sweep,17.24591421881955,1724.5914218819548,0.0377392799999825,9,26.497590839053203,5.0,0.0,5.0,5.0,,,0.25,0.0,0.25,0.25,12.0,11.0,False,True
TD3 Adaptive Exploration Decay,2026,test_0007,very_long,Beam Sweep,17.148877074169267,1714.8877074169266,0.0723298990000103,9,13.825541219127896,11.875,0.0,11.875,11.875,,,0.25,0.0,0.25,0.25,17.0,16.0,False,True
TD3 Adaptive Exploration Decay,2026,test_0008,short,Beam Sweep,18.00293436643569,1800.2934366435688,0.022943095999949037,9,43.58609666290118,5.0,0.0,5.0,5.0,,,0.25,0.0,0.25,0.25,7.0,6.0,False,True
TD3 Adaptive Exploration Decay,2026,test_0009,medium,Beam Sweep,18.90372934938922,1890.3729349389218,0.028832108000074186,9,34.68355487560698,11.875,0.0,11.875,11.875,,,0.25,0.0,0.25,0.25,9.0,8.0,False,True
TD3 Adaptive Exploration Decay,2027,test_0000,short,Beam Sweep,15.214134319260566,1521.4134319260565,0.01955410900006882,9,51.1401465541836,11.875,0.0,11.875,11.875,,,0.25,0.0,0.25,0.25,6.0,5.0,False,True
TD3 Adaptive Exploration Decay,2027,test_0001,medium,Beam Sweep,16.007620145935732,1600.762014593573,0.01921986199999992,9,52.02950988930119,18.75,0.0,18.75,18.75,,,0.25,0.0,0.25,0.25,6.0,5.0,False,True
TD3 Adaptive Exploration Decay,2027,test_0002,long,Beam Sweep,16.652964718686164,1665.2964718686164,0.034908663000010165,9,28.6461844728831,11.875,0.0,11.875,11.875,,,0.25,0.0,0.25,0.25,11.0,10.0,False,True
TD3 Adaptive Exploration Decay,2027,test_0003,very_long,Beam Sweep,17.96701151505269,1796.701151505269,0.056212799000036284,9,17.78954291173714,11.875,0.0,11.875,11.875,,,0.25,0.0,0.25,0.25,16.0,15.0,False,True
TD3 Adaptive Exploration Decay,2027,test_0004,short,Beam Sweep,15.422826682899421,1542.282668289942,0.016399458000023515,9,60.97762499215316,18.75,0.0,18.75,18.75,,,0.25,0.0,0.25,0.25,5.0,4.0,False,True
TD3 Adaptive Exploration Decay,2027,test_0005,medium,Beam Sweep,13.56695279140188,1356.695279140188,0.023666031000061594,9,42.25465605100396,11.875,0.0,11.875,11.875,,,0.25,0.0,0.25,0.25,6.0,5.0,False,True
TD3 Adaptive Exploration Decay,2027,test_0006,long,Beam Sweep,18.886436291218377,1888.6436291218376,0.05812949200003459,9,17.20297160001682,5.0,0.0,5.0,5.0,,,0.25,0.0,0.25,0.25,18.0,17.0,False,True
TD3 Adaptive Exploration Decay,2027,test_0007,very_long,Beam Sweep,16.3560978097558,1635.6097809755797,0.08050798500005385,9,12.421128165104754,11.875,0.0,11.875,11.875,,,0.25,0.0,0.25,0.25,15.0,14.0,False,True
TD3 Adaptive Exploration Decay,2027,test_0008,short,Beam Sweep,6.3211766939217595,632.1176693921759,0.22425409700008458,9,4.459227337994288,11.875,0.0,11.875,11.875,,,0.25,0.0,0.25,0.25,60.0,59.0,False,True
TD3 Adaptive Exploration Decay,2027,test_0009,medium,Beam Sweep,16.725863961252784,1672.5863961252785,0.02587836099996821,9,38.64232360006217,11.875,0.0,11.875,11.875,,,0.25,0.0,0.25,0.25,8.0,7.0,False,True
TD3 Adaptive Exploration Decay,2028,test_0000,short,Beam Sweep,17.464788871786087,1746.4788871786086,0.019530571000018426,9,51.20178001959372,11.875,0.0,11.875,11.875,,,0.25,0.0,0.25,0.25,6.0,5.0,False,True
TD3 Adaptive Exploration Decay,2028,test_0001,medium,Beam Sweep,17.48789199283011,1748.7891992830112,0.022137058999987858,9,45.17311897666933,18.75,0.0,18.75,18.75,,,0.25,0.0,0.25,0.25,6.0,5.0,False,True
TD3 Adaptive Exploration Decay,2028,test_0002,long,Beam Sweep,16.654580487448204,1665.4580487448204,0.03887044999999034,9,25.726483742798152,11.875,0.0,11.875,11.875,,,0.25,0.0,0.25,0.25,12.0,11.0,False,True
TD3 Adaptive Exploration Decay,2028,test_0003,very_long,Beam Sweep,15.489362578559412,1548.9362578559412,0.0352117070000304,9,28.399645606477886,11.875,0.0,11.875,11.875,,,0.25,0.0,0.25,0.25,11.0,10.0,False,True
TD3 Adaptive Exploration Decay,2028,test_0004,short,Beam Sweep,14.484379921372526,1448.4379921372526,0.016259504999993624,9,61.50248731436733,18.75,0.0,18.75,18.75,,,0.25,0.0,0.25,0.25,5.0,4.0,False,True
TD3 Adaptive Exploration Decay,2028,test_0005,medium,Beam Sweep,12.487563558018707,1248.7563558018705,0.020352209000066068,9,49.134715548408224,5.0,0.0,5.0,5.0,,,0.25,0.0,0.25,0.25,6.0,5.0,False,True
TD3 Adaptive Exploration Decay,2028,test_0006,long,Beam Sweep,15.091482332133177,1509.1482332133176,0.0329403219999449,9,30.357930320221907,5.0,0.0,5.0,5.0,,,0.25,0.0,0.25,0.25,10.0,9.0,False,True
TD3 Adaptive Exploration Decay,2028,test_0007,very_long,Beam Sweep,13.64909302090153,1364.909302090153,0.03463794800006781,9,28.87007047871434,11.875,0.0,11.875,11.875,,,0.25,0.0,0.25,0.25,11.0,10.0,False,True
TD3 Adaptive Exploration Decay,2028,test_0008,short,Beam Sweep,13.226572077244475,1322.6572077244475,0.025489934999995967,9,39.23117104850045,5.0,0.0,5.0,5.0,,,0.25,0.0,0.25,0.25,6.0,5.0,False,True
TD3 Adaptive Exploration Decay,2028,test_0009,medium,Beam Sweep,16.451161123338697,1645.1161123338698,0.02345565100006297,9,42.63364934946019,11.875,0.0,11.875,11.875,,,0.25,0.0,0.25,0.25,7.0,6.0,False,True
TD3 Dynamic Delay,2026,test_0000,short,Beam Sweep,17.083255443564894,1708.3255443564894,0.013492230999986532,9,74.11672687793428,11.875,0.0,11.875,11.875,,,0.25,0.0,0.25,0.25,4.0,3.0,False,True
TD3 Dynamic Delay,2026,test_0001,medium,Beam Sweep,17.300564536311825,1730.0564536311824,0.01969004499994753,9,50.78708555529786,18.75,0.0,18.75,18.75,,,0.25,0.0,0.25,0.25,6.0,5.0,False,True
TD3 Dynamic Delay,2026,test_0002,long,Beam Sweep,15.37238575138475,1537.238575138475,0.030984370999931343,9,32.27433598707606,11.875,0.0,11.875,11.875,,,0.25,0.0,0.25,0.25,9.0,8.0,False,True
TD3 Dynamic Delay,2026,test_0003,very_long,Beam Sweep,15.24251932912267,1524.251932912267,0.03529833000004601,9,28.329952153506884,11.875,0.0,11.875,11.875,,,0.25,0.0,0.25,0.25,11.0,10.0,False,True
TD3 Dynamic Delay,2026,test_0004,short,Beam Sweep,17.618635268851232,1761.8635268851233,0.016369558999940637,9,61.0890006263227,18.75,0.0,18.75,18.75,,,0.25,0.0,0.25,0.25,5.0,4.0,False,True
TD3 Dynamic Delay,2026,test_0005,medium,Beam Sweep,17.366569904390406,1736.6569904390406,0.01932374599994091,9,51.7498004788025,5.0,0.0,5.0,5.0,,,0.25,0.0,0.25,0.25,6.0,5.0,False,True
TD3 Dynamic Delay,2026,test_0006,long,Beam Sweep,15.682170764147907,1568.2170764147907,0.037812577000067904,9,26.446227137552782,5.0,0.0,5.0,5.0,,,0.25,0.0,0.25,0.25,10.0,9.0,False,True
TD3 Dynamic Delay,2026,test_0007,very_long,Beam Sweep,14.44203056036792,1444.203056036792,0.0388632870000265,9,25.73122546220339,5.0,0.0,5.0,5.0,,,0.25,0.0,0.25,0.25,12.0,11.0,False,True
TD3 Dynamic Delay,2026,test_0008,short,Beam Sweep,17.828498177691753,1782.8498177691754,0.019460266999999476,9,51.38675640986976,5.0,0.0,5.0,5.0,,,0.25,0.0,0.25,0.25,6.0,5.0,False,True
TD3 Dynamic Delay,2026,test_0009,medium,Beam Sweep,18.632389077084092,1863.238907708409,0.026805420999949092,9,37.305886745889914,11.875,0.0,11.875,11.875,,,0.25,0.0,0.25,0.25,8.0,7.0,False,True
TD3 Dynamic Delay,2027,test_0000,short,Beam Sweep,18.37986866979817,1837.9868669798173,0.02569222500005708,9,38.92228096234477,11.875,0.0,11.875,11.875,,,0.25,0.0,0.25,0.25,6.0,5.0,False,True
TD3 Dynamic Delay,2027,test_0001,medium,Beam Sweep,18.159532716475677,1815.9532716475678,0.022688850999998067,9,44.07451042805496,11.875,0.0,11.875,11.875,,,0.25,0.0,0.25,0.25,7.0,6.0,False,True
TD3 Dynamic Delay,2027,test_0002,long,Beam Sweep,17.62117224287233,1762.1172242872328,0.03268688600007863,9,30.593308888390116,11.875,0.0,11.875,11.875,,,0.25,0.0,0.25,0.25,10.0,9.0,False,True
TD3 Dynamic Delay,2027,test_0003,very_long,Beam Sweep,15.195733060076163,1519.5733060076163,0.0346349100000225,9,28.872602816041685,11.875,0.0,11.875,11.875,,,0.25,0.0,0.25,0.25,11.0,10.0,False,True
TD3 Dynamic Delay,2027,test_0004,short,Beam Sweep,15.493057736024678,1549.3057736024678,0.027934212999980446,9,35.798395322635365,18.75,0.0,18.75,18.75,,,0.25,0.0,0.25,0.25,5.0,4.0,False,True
TD3 Dynamic Delay,2027,test_0005,medium,Beam Sweep,11.43599590896713,1143.599590896713,0.0231020639999997,9,43.28617564214232,11.875,0.0,11.875,11.875,,,0.25,0.0,0.25,0.25,7.0,6.0,False,True
TD3 Dynamic Delay,2027,test_0006,long,Beam Sweep,16.317380704103442,1631.738070410344,0.03182939099997384,9,31.417503401206197,5.0,0.0,5.0,5.0,,,0.25,0.0,0.25,0.25,10.0,9.0,False,True
TD3 Dynamic Delay,2027,test_0007,very_long,Beam Sweep,14.604354005430555,1460.4354005430555,0.03529190099993684,9,28.335112920150987,11.875,0.0,11.875,11.875,,,0.25,0.0,0.25,0.25,11.0,10.0,False,True
TD3 Dynamic Delay,2027,test_0008,short,Beam Sweep,14.86710083013829,1486.710083013829,0.016896381000037763,9,59.1842714719658,5.0,0.0,5.0,5.0,,,0.25,0.0,0.25,0.25,5.0,4.0,False,True
TD3 Dynamic Delay,2027,test_0009,medium,Beam Sweep,17.141010665237026,1714.1010665237027,0.022746337000057792,9,43.96312250176629,11.875,0.0,11.875,11.875,,,0.25,0.0,0.25,0.25,7.0,6.0,False,True
TD3 Dynamic Delay,2028,test_0000,short,Beam Sweep,16.8839889715986,1688.39889715986,0.01360494599998674,9,73.50268056932933,11.875,0.0,11.875,11.875,,,0.25,0.0,0.25,0.25,4.0,3.0,False,True
TD3 Dynamic Delay,2028,test_0001,medium,Beam Sweep,17.41566002401662,1741.5660024016622,0.019888366000031965,9,50.280651512466775,18.75,0.0,18.75,18.75,,,0.25,0.0,0.25,0.25,6.0,5.0,False,True
TD3 Dynamic Delay,2028,test_0002,long,Beam Sweep,15.288762826023019,1528.876282602302,0.037091822999968826,9,26.960120024320197,11.875,0.0,11.875,11.875,,,0.25,0.0,0.25,0.25,9.0,8.0,False,True
TD3 Dynamic Delay,2028,test_0003,very_long,Beam Sweep,15.526323028945132,1552.632302894513,0.04072120199998608,9,24.557231881326633,11.875,0.0,11.875,11.875,,,0.25,0.0,0.25,0.25,13.0,12.0,False,True
TD3 Dynamic Delay,2028,test_0004,short,Beam Sweep,18.940330004891162,1894.0330004891161,0.01943337700004122,9,51.45786036044476,18.75,0.0,18.75,18.75,,,0.25,0.0,0.25,0.25,6.0,5.0,False,True
TD3 Dynamic Delay,2028,test_0005,medium,Beam Sweep,18.522022347309512,1852.2022347309512,0.02563666399998965,9,39.0066351846872,5.0,0.0,5.0,5.0,,,0.25,0.0,0.25,0.25,8.0,7.0,False,True
TD3 Dynamic Delay,2028,test_0006,long,Beam Sweep,17.20197803256556,1720.197803256556,0.07778069100004359,9,12.856661301703268,5.0,0.0,5.0,5.0,,,0.25,0.0,0.25,0.25,12.0,11.0,False,True
TD3 Dynamic Delay,2028,test_0007,very_long,Beam Sweep,16.995790126945128,1699.5790126945128,0.08827896299999338,9,11.32772708261282,11.875,0.0,11.875,11.875,,,0.25,0.0,0.25,0.25,16.0,15.0,False,True
TD3 Dynamic Delay,2028,test_0008,short,Beam Sweep,17.98945837176422,1798.945837176422,0.03842889700001706,9,26.02208437050785,5.0,0.0,5.0,5.0,,,0.25,0.0,0.25,0.25,7.0,6.0,False,True
TD3 Dynamic Delay,2028,test_0009,medium,Beam Sweep,18.877068912957675,1887.7068912957675,0.06307538999999451,9,15.854043867189517,11.875,0.0,11.875,11.875,,,0.25,0.0,0.25,0.25,9.0,8.0,False,True
TD3 Uncertainty-Aware Delay + Adaptive Actor LR,2026,test_0000,short,Beam Sweep,12.571034134543778,1257.103413454378,0.04983646400000907,9,20.065629054256696,11.875,0.0,11.875,11.875,,,0.25,0.0,0.25,0.25,8.0,7.0,False,True
TD3 Uncertainty-Aware Delay + Adaptive Actor LR,2026,test_0001,medium,Beam Sweep,17.593141017725703,1759.3141017725704,0.028703307999990102,9,34.83918996376114,18.75,0.0,18.75,18.75,,,0.25,0.0,0.25,0.25,6.0,5.0,False,True
TD3 Uncertainty-Aware Delay + Adaptive Actor LR,2026,test_0002,long,Beam Sweep,14.63601185738226,1463.601185738226,0.02865951900002983,9,34.892420909051516,11.875,0.0,11.875,11.875,,,0.25,0.0,0.25,0.25,9.0,8.0,False,True
TD3 Uncertainty-Aware Delay + Adaptive Actor LR,2026,test_0003,very_long,Beam Sweep,15.830641778646479,1583.064177864648,0.04455500300002768,9,22.4441686155734,11.875,0.0,11.875,11.875,,,0.25,0.0,0.25,0.25,11.0,10.0,False,True
TD3 Uncertainty-Aware Delay + Adaptive Actor LR,2026,test_0004,short,Beam Sweep,18.259815787653974,1825.9815787653972,0.019976852000013423,9,50.05793705631538,18.75,0.0,18.75,18.75,,,0.25,0.0,0.25,0.25,6.0,5.0,False,True
TD3 Uncertainty-Aware Delay + Adaptive Actor LR,2026,test_0005,medium,Beam Sweep,17.146674615549326,1714.6674615549325,0.035127831000068,9,28.467456473417453,5.0,0.0,5.0,5.0,,,0.25,0.0,0.25,0.25,7.0,6.0,False,True
TD3 Uncertainty-Aware Delay + Adaptive Actor LR,2026,test_0006,long,Beam Sweep,18.226904007470793,1822.6904007470794,0.05055587000003925,9,19.7800967523499,5.0,0.0,5.0,5.0,,,0.25,0.0,0.25,0.25,16.0,15.0,False,True
TD3 Uncertainty-Aware Delay + Adaptive Actor LR,2026,test_0007,very_long,Beam Sweep,18.106103565523334,1810.6103565523333,0.06091426299997238,9,16.416516440500207,11.875,0.0,11.875,11.875,,,0.25,0.0,0.25,0.25,19.0,18.0,False,True
TD3 Uncertainty-Aware Delay + Adaptive Actor LR,2026,test_0008,short,Beam Sweep,15.840829718979588,1584.0829718979587,0.022336154000072383,9,44.77046495993712,5.0,0.0,5.0,5.0,,,0.25,0.0,0.25,0.25,7.0,6.0,False,True
TD3 Uncertainty-Aware Delay + Adaptive Actor LR,2026,test_0009,medium,Beam Sweep,18.89844141335132,1889.8441413351322,0.031987208999908034,9,31.262496205995188,11.875,0.0,11.875,11.875,,,0.25,0.0,0.25,0.25,10.0,9.0,False,True
TD3 Uncertainty-Aware Delay + Adaptive Actor LR,2027,test_0000,short,Beam Sweep,18.1200761070504,1812.0076107050402,0.020152814999960356,9,49.62085941849648,11.875,0.0,11.875,11.875,,,0.25,0.0,0.25,0.25,6.0,5.0,False,True
TD3 Uncertainty-Aware Delay + Adaptive Actor LR,2027,test_0001,medium,Beam Sweep,19.00691533555343,1900.6915335553429,0.022583370000006653,9,44.28037091008585,11.875,0.0,11.875,11.875,,,0.25,0.0,0.25,0.25,7.0,6.0,False,True
TD3 Uncertainty-Aware Delay + Adaptive Actor LR,2027,test_0002,long,Beam Sweep,17.559779063078587,1755.9779063078588,0.03203315100006421,9,31.217659480267663,11.875,0.0,11.875,11.875,,,0.25,0.0,0.25,0.25,10.0,9.0,False,True
TD3 Uncertainty-Aware Delay + Adaptive Actor LR,2027,test_0003,very_long,Beam Sweep,16.510531591975887,1651.0531591975887,0.028569311999945057,9,35.00259299215617,11.875,0.0,11.875,11.875,,,0.25,0.0,0.25,0.25,9.0,8.0,False,True
TD3 Uncertainty-Aware Delay + Adaptive Actor LR,2027,test_0004,short,Beam Sweep,15.942250175663764,1594.2250175663764,0.016870408000045245,9,59.275389190191376,18.75,0.0,18.75,18.75,,,0.25,0.0,0.25,0.25,5.0,4.0,False,True
TD3 Uncertainty-Aware Delay + Adaptive Actor LR,2027,test_0005,medium,Beam Sweep,15.366446896240582,1536.6446896240582,0.019766225000012128,9,50.59134963805109,5.0,0.0,5.0,5.0,,,0.25,0.0,0.25,0.25,6.0,5.0,False,True
TD3 Uncertainty-Aware Delay + Adaptive Actor LR,2027,test_0006,long,Beam Sweep,16.5340758921611,1653.4075892161097,0.03518565599995327,9,28.42067233310438,5.0,0.0,5.0,5.0,,,0.25,0.0,0.25,0.25,11.0,10.0,False,True
TD3 Uncertainty-Aware Delay + Adaptive Actor LR,2027,test_0007,very_long,Beam Sweep,15.161831259152118,1516.1831259152116,0.04011055899991334,9,24.93109108756526,5.0,0.0,5.0,5.0,,,0.25,0.0,0.25,0.25,12.0,11.0,False,True
TD3 Uncertainty-Aware Delay + Adaptive Actor LR,2027,test_0008,short,Beam Sweep,16.1885233807624,1618.8523380762401,0.022123759999999493,9,45.20027337125438,5.0,0.0,5.0,5.0,,,0.25,0.0,0.25,0.25,6.0,5.0,False,True
TD3 Uncertainty-Aware Delay + Adaptive Actor LR,2027,test_0009,medium,Beam Sweep,18.094096640690417,1809.4096640690418,0.025689777999900798,9,38.92598838354545,11.875,0.0,11.875,11.875,,,0.25,0.0,0.25,0.25,8.0,7.0,False,True
TD3 Uncertainty-Aware Delay + Adaptive Actor LR,2028,test_0000,short,Beam Sweep,16.538376126467995,1653.8376126467995,0.013348864000022331,9,74.9127416384141,11.875,0.0,11.875,11.875,,,0.25,0.0,0.25,0.25,4.0,3.0,False,True
TD3 Uncertainty-Aware Delay + Adaptive Actor LR,2028,test_0001,medium,Beam Sweep,12.511988009731532,1251.198800973153,0.19586502999993627,9,5.105556617229351,25.625,0.0,25.625,25.625,,,0.25,0.0,0.25,0.25,60.0,59.0,False,True
TD3 Uncertainty-Aware Delay + Adaptive Actor LR,2028,test_0002,long,Beam Sweep,15.169504580067906,1516.9504580067905,0.0290501319999521,9,34.423251501977646,11.875,0.0,11.875,11.875,,,0.25,0.0,0.25,0.25,9.0,8.0,False,True
TD3 Uncertainty-Aware Delay + Adaptive Actor LR,2028,test_0003,very_long,Beam Sweep,15.698708922152585,1569.8708922152587,0.03844404999995277,9,26.011827578031674,11.875,0.0,11.875,11.875,,,0.25,0.0,0.25,0.25,10.0,9.0,False,True
TD3 Uncertainty-Aware Delay + Adaptive Actor LR,2028,test_0004,short,Beam Sweep,17.76731117945747,1776.731117945747,0.013289049000036357,9,75.24992947179773,18.75,0.0,18.75,18.75,,,0.25,0.0,0.25,0.25,4.0,3.0,False,True
TD3 Uncertainty-Aware Delay + Adaptive Actor LR,2028,test_0005,medium,Beam Sweep,16.921103284385687,1692.1103284385686,0.021376237999902514,9,46.780916268080496,5.0,0.0,5.0,5.0,,,0.25,0.0,0.25,0.25,5.0,4.0,False,True
TD3 Uncertainty-Aware Delay + Adaptive Actor LR,2028,test_0006,long,Beam Sweep,17.287499624232204,1728.7499624232205,0.03212521399996149,9,31.12819730947781,5.0,0.0,5.0,5.0,,,0.25,0.0,0.25,0.25,10.0,9.0,False,True
TD3 Uncertainty-Aware Delay + Adaptive Actor LR,2028,test_0007,very_long,Beam Sweep,16.657903983883184,1665.7903983883184,0.037747520000039,9,26.491806614023034,11.875,0.0,11.875,11.875,,,0.25,0.0,0.25,0.25,12.0,11.0,False,True
TD3 Uncertainty-Aware Delay + Adaptive Actor LR,2028,test_0008,short,Beam Sweep,15.376869572497279,1537.686957249728,0.0162438499999098,9,61.56176029731578,5.0,0.0,5.0,5.0,,,0.25,0.0,0.25,0.25,5.0,4.0,False,True
TD3 Uncertainty-Aware Delay + Adaptive Actor LR,2028,test_0009,medium,Beam Sweep,18.072111272974883,1807.2111272974882,0.01951397600009841,9,51.24532283912602,11.875,0.0,11.875,11.875,,,0.25,0.0,0.25,0.25,6.0,5.0,False,True
