Trajectory_Method,A,B,N,Mean_Difference,95CI_Low,95CI_High,Wilcoxon_p
DDPG,ABPO,PSO / Metaheuristic,30,6.02504197464154,4.853857479688628,7.196226469594452,1.862645149230957e-09
DDPG,ABPO,DDPG,30,9.869112673574877,8.626657589647944,11.11156775750181,1.862645149230957e-09
DDPG,ABPO,PPO,30,9.848147575296773,8.603715248142548,11.092579902450998,1.862645149230957e-09
DDPG,ABPO,SAC,30,10.025644667780842,8.784991957928115,11.266297377633569,1.862645149230957e-09
DDPG,ABPO,MADDPG,30,9.972531259204905,8.714445643406693,11.230616875003117,1.862645149230957e-09
DDPG,ABPO,AB-QMIX,30,9.978740950268966,8.751947589540764,11.205534310997168,1.862645149230957e-09
TD3,ABPO,PSO / Metaheuristic,30,5.688138976710331,4.555330749380948,6.820947204039713,1.862645149230957e-09
TD3,ABPO,DDPG,30,9.448999303133682,8.245109760407313,10.652888845860051,1.862645149230957e-09
TD3,ABPO,PPO,30,9.456250620441175,8.256951541775038,10.655549699107311,1.862645149230957e-09
TD3,ABPO,SAC,30,9.605336186433082,8.397699395753804,10.81297297711236,1.862645149230957e-09
TD3,ABPO,MADDPG,30,9.555090665701949,8.335525929570558,10.77465540183334,1.862645149230957e-09
TD3,ABPO,AB-QMIX,30,9.560753320070972,8.372976631763857,10.748530008378088,1.862645149230957e-09
TD3 Twin Critic,ABPO,PSO / Metaheuristic,30,5.9203028565565194,4.761659398990259,7.0789463141227795,1.862645149230957e-09
TD3 Twin Critic,ABPO,DDPG,30,9.86499481850584,8.629504028139804,11.100485608871876,1.862645149230957e-09
TD3 Twin Critic,ABPO,PPO,30,9.858717665016831,8.634672255929665,11.082763074103998,1.862645149230957e-09
TD3 Twin Critic,ABPO,SAC,30,10.01985360751428,8.786616894759982,11.253090320268578,1.862645149230957e-09
TD3 Twin Critic,ABPO,MADDPG,30,9.968669519933604,8.720745435895287,11.216593603971921,1.862645149230957e-09
TD3 Twin Critic,ABPO,AB-QMIX,30,9.975779382941356,8.754369823689395,11.197188942193318,1.862645149230957e-09
TD3 Target Policy Smoothing,ABPO,PSO / Metaheuristic,30,5.920318352826238,4.761676826082273,7.078959879570204,1.862645149230957e-09
TD3 Target Policy Smoothing,ABPO,DDPG,30,9.865015463036078,8.629526879568763,11.100504046503394,1.862645149230957e-09
TD3 Target Policy Smoothing,ABPO,PPO,30,9.858738679431838,8.634694616454798,11.082782742408877,1.862645149230957e-09
TD3 Target Policy Smoothing,ABPO,SAC,30,10.019874150559348,8.786639991461687,11.253108309657009,1.862645149230957e-09
TD3 Target Policy Smoothing,ABPO,MADDPG,30,9.96869120196038,8.72076904615011,11.216613357770651,1.862645149230957e-09
TD3 Target Policy Smoothing,ABPO,AB-QMIX,30,9.975799718100847,8.75439359695158,11.197205839250113,1.862645149230957e-09
TD3 Delayed Actor Update,ABPO,PSO / Metaheuristic,30,6.228206534732814,5.0828543889891575,7.37355868047647,1.862645149230957e-09
TD3 Delayed Actor Update,ABPO,DDPG,30,10.245050652918403,9.11805266495935,11.372048640877455,1.862645149230957e-09
TD3 Delayed Actor Update,ABPO,PPO,30,10.207622013212776,9.055206238377346,11.360037788048205,1.862645149230957e-09
TD3 Delayed Actor Update,ABPO,SAC,30,10.385432217080815,9.255694159409625,11.515170274752005,1.862645149230957e-09
TD3 Delayed Actor Update,ABPO,MADDPG,30,10.337145317728545,9.181255923390491,11.4930347120666,1.862645149230957e-09
TD3 Delayed Actor Update,ABPO,AB-QMIX,30,10.348594697871127,9.242214649186305,11.454974746555948,1.862645149230957e-09
TD3 Soft Target Update,ABPO,PSO / Metaheuristic,30,6.005410321062764,4.884711833162832,7.126108808962696,1.862645149230957e-09
TD3 Soft Target Update,ABPO,DDPG,30,9.889666820954412,8.789505184014313,10.989828457894511,1.862645149230957e-09
TD3 Soft Target Update,ABPO,PPO,30,9.887999935193204,8.77814944607721,10.997850424309197,1.862645149230957e-09
TD3 Soft Target Update,ABPO,SAC,30,10.0281533687452,8.92812396404254,11.12818277344786,1.862645149230957e-09
TD3 Soft Target Update,ABPO,MADDPG,30,9.975869915996947,8.85364537734224,11.098094454651655,1.862645149230957e-09
TD3 Soft Target Update,ABPO,AB-QMIX,30,9.99614308313293,8.910705676442321,11.081580489823539,1.862645149230957e-09
TD3 Gradient Clipping,ABPO,PSO / Metaheuristic,30,6.0879522799307555,4.922455847175481,7.25344871268603,1.862645149230957e-09
TD3 Gradient Clipping,ABPO,DDPG,30,10.156715978608895,8.976930298028313,11.336501659189478,1.862645149230957e-09
TD3 Gradient Clipping,ABPO,PPO,30,10.132249123467444,8.921079470137743,11.343418776797145,1.862645149230957e-09
TD3 Gradient Clipping,ABPO,SAC,30,10.29533653268783,9.108483014576116,11.482190050799545,1.862645149230957e-09
TD3 Gradient Clipping,ABPO,MADDPG,30,10.250231647886142,9.039511030476204,11.460952265296081,1.862645149230957e-09
TD3 Gradient Clipping,ABPO,AB-QMIX,30,10.26648639454812,9.104330069077278,11.428642720018964,1.862645149230957e-09
TD3 Adaptive Exploration Decay,ABPO,PSO / Metaheuristic,30,5.688138976710331,4.555330749380948,6.820947204039713,1.862645149230957e-09
TD3 Adaptive Exploration Decay,ABPO,DDPG,30,9.448999303133682,8.245109760407313,10.652888845860051,1.862645149230957e-09
TD3 Adaptive Exploration Decay,ABPO,PPO,30,9.456250620441175,8.256951541775038,10.655549699107311,1.862645149230957e-09
TD3 Adaptive Exploration Decay,ABPO,SAC,30,9.605336186433082,8.397699395753804,10.81297297711236,1.862645149230957e-09
TD3 Adaptive Exploration Decay,ABPO,MADDPG,30,9.555090665701949,8.335525929570558,10.77465540183334,1.862645149230957e-09
TD3 Adaptive Exploration Decay,ABPO,AB-QMIX,30,9.560753320070972,8.372976631763857,10.748530008378088,1.862645149230957e-09
TD3 Dynamic Delay,ABPO,PSO / Metaheuristic,30,6.117544649632142,4.972005203692708,7.2630840955715765,1.862645149230957e-09
TD3 Dynamic Delay,ABPO,DDPG,30,10.228887736188728,9.103087440120671,11.354688032256785,1.862645149230957e-09
TD3 Dynamic Delay,ABPO,PPO,30,10.205629732579329,9.05448294034539,11.356776524813268,1.862645149230957e-09
TD3 Dynamic Delay,ABPO,SAC,30,10.367803709185045,9.233405669617442,11.502201748752649,1.862645149230957e-09
TD3 Dynamic Delay,ABPO,MADDPG,30,10.317029717772687,9.160227060689568,11.473832374855807,1.862645149230957e-09
TD3 Dynamic Delay,ABPO,AB-QMIX,30,10.338536200772776,9.231729001055893,11.445343400489659,1.862645149230957e-09
TD3 Uncertainty-Aware Delay + Adaptive Actor LR,ABPO,PSO / Metaheuristic,30,6.072059020974963,4.841362872285326,7.302755169664601,1.862645149230957e-09
TD3 Uncertainty-Aware Delay + Adaptive Actor LR,ABPO,DDPG,30,10.176812193714158,8.93249128185743,11.421133105570885,1.862645149230957e-09
TD3 Uncertainty-Aware Delay + Adaptive Actor LR,ABPO,PPO,30,10.11576055236568,8.871755929187728,11.359765175543632,1.862645149230957e-09
TD3 Uncertainty-Aware Delay + Adaptive Actor LR,ABPO,SAC,30,10.320572208244634,9.063371577707825,11.577772838781444,1.862645149230957e-09
TD3 Uncertainty-Aware Delay + Adaptive Actor LR,ABPO,MADDPG,30,10.268398840565583,8.996784763301621,11.540012917829545,1.862645149230957e-09
TD3 Uncertainty-Aware Delay + Adaptive Actor LR,ABPO,AB-QMIX,30,10.290954133042456,9.065116458236938,11.516791807847975,1.862645149230957e-09
