Method,Distance_Regime,N,Success_Rate_pct,Final_Distance_m,Path_Length_m,Progress,Mean_NSE,Training_s
DDPG,long,6,100.0,5.7167394161224365,155.13074747721353,0.9582123996118658,6.458913992469039,9.178580975333338
DDPG,medium,9,100.0,3.8411956893073187,86.15069919162326,0.9446079419248726,8.08953769196743,9.178580975333338
DDPG,short,9,88.88888888888889,5.006316781044006,162.40849134657117,0.9128671460744862,8.5467692417162,9.178580975333338
DDPG,very_long,6,100.0,4.667871276537578,178.33106486002603,0.9704077750745504,7.906082669237066,9.178580975333338
TD3,long,6,100.0,5.914429982503255,158.48633575439453,0.956599493155053,6.522227845880724,9.699291898000032
TD3,medium,9,100.0,4.22862626446618,89.30421786838107,0.9390833818190257,8.1100027916452,9.699291898000032
TD3,short,9,88.88888888888889,5.074202669991387,165.0119891696506,0.9101500247515918,8.594806695223388,9.699291898000032
TD3,very_long,6,100.0,4.631166418393453,179.41831970214844,0.9706405295631152,7.977690411787002,9.699291898000032
TD3 Adaptive Exploration Decay,long,6,100.0,5.914429982503255,158.48633575439453,0.956599493155053,6.522227845880724,9.10542300000001
TD3 Adaptive Exploration Decay,medium,9,100.0,4.22862626446618,89.30421786838107,0.9390833818190257,8.1100027916452,9.10542300000001
TD3 Adaptive Exploration Decay,short,9,88.88888888888889,5.074202669991387,165.0119891696506,0.9101500247515918,8.594806695223388,9.10542300000001
TD3 Adaptive Exploration Decay,very_long,6,100.0,4.631166418393453,179.41831970214844,0.9706405295631152,7.977690411787002,9.10542300000001
TD3 Delayed Actor Update,long,6,100.0,4.196876426537831,158.74779510498047,0.9691831193514396,5.920562499440302,8.578618913000014
TD3 Delayed Actor Update,medium,9,100.0,4.624061902364095,87.65777079264323,0.934249552450427,8.027008281206774,8.578618913000014
TD3 Delayed Actor Update,short,9,100.0,4.340381052758959,71.01468149820964,0.925043190411682,8.421461157603352,8.578618913000014
TD3 Delayed Actor Update,very_long,6,100.0,3.9707903464635215,181.24278004964194,0.9748268698670363,7.662319170603435,8.578618913000014
TD3 Dynamic Delay,long,6,100.0,4.193749904632568,157.1772206624349,0.9694027159373744,6.083863357382822,8.365940704000044
TD3 Dynamic Delay,medium,9,100.0,3.6442734797795615,86.07810423109267,0.9475248487380559,8.02782495829144,8.365940704000044
TD3 Dynamic Delay,short,9,100.0,5.857689963446723,60.397208319769966,0.8959061513363804,8.670574587501914,8.365940704000044
TD3 Dynamic Delay,very_long,6,100.0,4.215949296951294,182.23021189371744,0.9732742635979275,7.838675438659084,8.365940704000044
TD3 Gradient Clipping,long,6,100.0,4.53776341676712,158.29310353597006,0.9668873005464765,6.356024982282947,9.161557032000019
TD3 Gradient Clipping,medium,9,100.0,4.575077321794298,87.33101908365886,0.9363445118680512,8.21156100352868,9.161557032000019
TD3 Gradient Clipping,short,9,100.0,4.5537795424461365,68.42331568400066,0.9208975248621303,8.810592033341013,9.161557032000019
TD3 Gradient Clipping,very_long,6,100.0,3.8113788763682046,179.26902516682944,0.9758387056944856,8.131993647221682,9.161557032000019
TD3 Soft Target Update,long,6,100.0,4.58342170715332,164.43697357177734,0.9661635106785966,6.049567358331868,8.567135297999963
TD3 Soft Target Update,medium,9,100.0,4.928977648417155,89.52916971842448,0.9291862725216089,7.875922588550351,8.567135297999963
TD3 Soft Target Update,short,9,100.0,4.627476586235894,81.2439922756619,0.9193591508800298,8.456471942477542,8.567135297999963
TD3 Soft Target Update,very_long,6,100.0,4.745639284451802,177.91015116373697,0.9699154770163516,7.776466147746029,8.567135297999963
TD3 Target Policy Smoothing,long,6,100.0,5.513245900472005,154.0671615600586,0.9594468248495738,6.338053146149459,10.328954349666674
TD3 Target Policy Smoothing,medium,9,100.0,3.1902250912454395,85.57149081759982,0.9533328607486509,7.828369909323669,10.328954349666674
TD3 Target Policy Smoothing,short,9,88.88888888888889,4.81333945857154,177.86148325602213,0.9156092661102144,8.269023448426683,10.328954349666674
TD3 Target Policy Smoothing,very_long,6,100.0,4.2818946441014605,176.71505482991537,0.9728570472336012,7.473339039716994,10.328954349666674
TD3 Twin Critic,long,6,100.0,5.513887961705525,154.06694793701172,0.9594418363947121,6.338096562932571,11.10417884333333
TD3 Twin Critic,medium,9,100.0,3.1902409063445196,85.57145436604817,0.9533326167745256,7.828370679989992,11.10417884333333
TD3 Twin Critic,short,9,88.88888888888889,4.8134274747636585,177.86141628689236,0.9156075506597481,8.26903252733236,11.10417884333333
TD3 Twin Critic,very_long,6,100.0,4.282495617866516,176.7145741780599,0.9728532384594643,7.47335288091291,11.10417884333333
TD3 Uncertainty-Aware Delay + Adaptive Actor LR,long,6,100.0,3.0079145630200705,157.00784556070963,0.977181090650625,6.076514670065251,8.657195963666672
TD3 Uncertainty-Aware Delay + Adaptive Actor LR,medium,9,88.88888888888889,5.2354135264952975,189.1208847893609,0.9257195211445123,8.03131636464295,8.657195963666672
TD3 Uncertainty-Aware Delay + Adaptive Actor LR,short,9,100.0,2.926333177420828,70.07390933566623,0.9469151496315094,8.478470789105849,8.657195963666672
TD3 Uncertainty-Aware Delay + Adaptive Actor LR,very_long,6,100.0,3.3615562319755554,169.71449025472006,0.9786954779305402,7.78319303108506,8.657195963666672
