Method,N,Success_Rate,Mean_Final_Distance_m,Mean_Path_Length_m,Mean_Progress,Mean_Smoothness,Mean_Jerk,Mean_Training_s
DDPG,30,0.9666666666666667,4.731175879637401,141.26011962890624,0.9429665613370909,5.3845480938752495,5.108161925151944,9.178580975333338
TD3,30,0.9666666666666667,4.899967960516611,143.87579320271809,0.9402180265148188,6.602789455652237,6.912160799652338,9.699291898000032
TD3 Adaptive Exploration Decay,30,0.9666666666666667,4.899967960516611,143.87579320271809,0.9402180265148188,6.602789455652237,6.912160799652338,9.10542300000001
TD3 Delayed Actor Update,30,1.0,4.322866241137187,115.59985071818033,0.9465898207023279,5.055371769269308,4.755750535428524,8.578618913000014
TD3 Dynamic Delay,30,1.0,4.532528873284658,111.82408027648925,0.9415646959293913,5.034928790728251,4.219988930225372,8.365940704000044
TD3 Gradient Clipping,30,1.0,4.408485517899195,114.23872617085775,0.9457178122672469,4.630663158496221,4.62696718921264,9.161557032000019
TD3 Soft Target Update,30,1.0,4.732748468716939,119.70137354532878,0.9417794245594813,6.920722649494807,7.98873925258716,8.567135297999963
TD3 Target Policy Smoothing,30,0.9666666666666667,4.360097473859787,145.18633550008138,0.9471434124742946,6.111334073543548,6.600011844436327,10.328954349666674
TD3 Twin Critic,30,0.9666666666666667,4.360377230246862,145.1861656188965,0.9471410652011174,6.111336811383565,6.5999718050161995,11.10417884333333
TD3 Uncertainty-Aware Delay + Adaptive Actor LR,30,0.9666666666666667,3.7224181701739627,143.10290540059407,0.9529657149490395,5.288511049747467,5.969240591302514,8.657195963666672
